stage,backend,threads,size,kind,binary,cells,median_s,allocations,requested_bytes,sha256
before,seq,1,M,uniform,False,257250,0.4781464150000829,8823229,631461633,f36fa262447622cc9b4a26a91d0f0c8395a635357e91a30035c632676a2cbf44
before,seq,1,M,uniform,True,257250,0.3123140829993645,8823229,631461633,b20db6a59eb71723bc7238e18f4279fb27579f6b3bf158285719931b5bbb92ee
before,seq,1,M,mixed,False,264600,0.43688338300125906,3271184,207425831,00f51e3e5204430e4653d0b79490e500b0d2f22e61d8d26fb908609fcd838e45
before,seq,1,M,mixed,True,264600,0.22939183600101387,3271184,207425831,454bf03a62ec3a03681e04e9125ff1f08a69f963e6eb48517381cb2e2369ed60
before,seq,1,L,uniform,False,998250,1.888632365000376,34133260,2446946101,892767fece02e6188243dee97b37e6ad9ab600e360e73d5bf098ef701784fa65
before,seq,1,L,uniform,True,998250,1.1321123230009107,34133260,2446946101,50be01110c24062819e664c3dae3eff35804ccffdd60666ca69372c5f8567931
before,seq,1,L,mixed,False,998784,1.5229789790028008,12333260,682040159,e5ac30b2e74a1ca02352a89a521016bdfc85bb5c53494bf314b34d2eaefc567a
before,seq,1,L,mixed,True,998784,0.8378621059964644,12333260,682040159,2a3bde74e4c84a566be35928f3628d0a15a8e546b43b8b0722289d2faa042fc2
after,seq,1,M,uniform,False,257250,0.4575411659970996,8823211,630393485,f36fa262447622cc9b4a26a91d0f0c8395a635357e91a30035c632676a2cbf44
after,seq,1,M,uniform,True,257250,0.29490430599980755,8823211,630393485,b20db6a59eb71723bc7238e18f4279fb27579f6b3bf158285719931b5bbb92ee
after,seq,1,M,mixed,False,264600,0.39543994599807775,3271146,185474531,00f51e3e5204430e4653d0b79490e500b0d2f22e61d8d26fb908609fcd838e45
after,seq,1,M,mixed,True,264600,0.2119788809941383,3271146,185474531,454bf03a62ec3a03681e04e9125ff1f08a69f963e6eb48517381cb2e2369ed60
after,seq,1,L,uniform,False,998250,1.7499247710002237,34133240,2442550497,892767fece02e6188243dee97b37e6ad9ab600e360e73d5bf098ef701784fa65
after,seq,1,L,uniform,True,998250,1.138475481995556,34133240,2442550497,50be01110c24062819e664c3dae3eff35804ccffdd60666ca69372c5f8567931
after,seq,1,L,mixed,False,998784,1.5263010440030484,12333220,651285883,e5ac30b2e74a1ca02352a89a521016bdfc85bb5c53494bf314b34d2eaefc567a
after,seq,1,L,mixed,True,998784,0.8351105490000919,12333220,651285883,2a3bde74e4c84a566be35928f3628d0a15a8e546b43b8b0722289d2faa042fc2
before,openmp,1,M,uniform,False,257250,0.4672972340049455,8823229,631461633,f36fa262447622cc9b4a26a91d0f0c8395a635357e91a30035c632676a2cbf44
before,openmp,1,M,uniform,True,257250,0.3015523520007264,8823229,631461633,b20db6a59eb71723bc7238e18f4279fb27579f6b3bf158285719931b5bbb92ee
before,openmp,1,M,mixed,False,264600,0.36960916099633323,3271184,207425831,00f51e3e5204430e4653d0b79490e500b0d2f22e61d8d26fb908609fcd838e45
before,openmp,1,M,mixed,True,264600,0.18509040000208188,3271184,207425831,454bf03a62ec3a03681e04e9125ff1f08a69f963e6eb48517381cb2e2369ed60
before,openmp,1,L,uniform,False,998250,1.9285707810049644,34133260,2446946101,892767fece02e6188243dee97b37e6ad9ab600e360e73d5bf098ef701784fa65
before,openmp,1,L,uniform,True,998250,1.2755715269959182,34133260,2446946101,50be01110c24062819e664c3dae3eff35804ccffdd60666ca69372c5f8567931
before,openmp,1,L,mixed,False,998784,1.4313906739989761,12333260,682040159,e5ac30b2e74a1ca02352a89a521016bdfc85bb5c53494bf314b34d2eaefc567a
before,openmp,1,L,mixed,True,998784,0.7167029310003272,12333260,682040159,2a3bde74e4c84a566be35928f3628d0a15a8e546b43b8b0722289d2faa042fc2
after,openmp,1,M,uniform,False,257250,0.4603318420049618,8823211,630393485,f36fa262447622cc9b4a26a91d0f0c8395a635357e91a30035c632676a2cbf44
after,openmp,1,M,uniform,True,257250,0.29396720200020354,8823211,630393485,b20db6a59eb71723bc7238e18f4279fb27579f6b3bf158285719931b5bbb92ee
after,openmp,1,M,mixed,False,264600,0.36571051200007787,3271146,185474531,00f51e3e5204430e4653d0b79490e500b0d2f22e61d8d26fb908609fcd838e45
after,openmp,1,M,mixed,True,264600,0.18229525700007798,3271146,185474531,454bf03a62ec3a03681e04e9125ff1f08a69f963e6eb48517381cb2e2369ed60
after,openmp,1,L,uniform,False,998250,1.8085101270044106,34133240,2442550497,892767fece02e6188243dee97b37e6ad9ab600e360e73d5bf098ef701784fa65
after,openmp,1,L,uniform,True,998250,1.200623891003488,34133240,2442550497,50be01110c24062819e664c3dae3eff35804ccffdd60666ca69372c5f8567931
after,openmp,1,L,mixed,False,998784,1.3877144250000129,12333220,651285883,e5ac30b2e74a1ca02352a89a521016bdfc85bb5c53494bf314b34d2eaefc567a
after,openmp,1,L,mixed,True,998784,0.7088751660048729,12333220,651285883,2a3bde74e4c84a566be35928f3628d0a15a8e546b43b8b0722289d2faa042fc2
before,openmp,4,M,uniform,False,257250,0.3467019000017899,8823231,632954681,f36fa262447622cc9b4a26a91d0f0c8395a635357e91a30035c632676a2cbf44
before,openmp,4,M,uniform,True,257250,0.18294145099935122,8823231,632954681,b20db6a59eb71723bc7238e18f4279fb27579f6b3bf158285719931b5bbb92ee
before,openmp,4,M,mixed,False,264600,0.3802592990032281,3271184,207425831,00f51e3e5204430e4653d0b79490e500b0d2f22e61d8d26fb908609fcd838e45
before,openmp,4,M,mixed,True,264600,0.19716458399489056,3271184,207425831,454bf03a62ec3a03681e04e9125ff1f08a69f963e6eb48517381cb2e2369ed60
before,openmp,4,L,uniform,False,998250,1.2938929390002158,34133262,2452565901,892767fece02e6188243dee97b37e6ad9ab600e360e73d5bf098ef701784fa65
before,openmp,4,L,uniform,True,998250,0.6633785759986495,34133262,2452565901,50be01110c24062819e664c3dae3eff35804ccffdd60666ca69372c5f8567931
before,openmp,4,L,mixed,False,998784,1.39848000100028,12333260,682040159,e5ac30b2e74a1ca02352a89a521016bdfc85bb5c53494bf314b34d2eaefc567a
before,openmp,4,L,mixed,True,998784,0.7210422280040802,12333260,682040159,2a3bde74e4c84a566be35928f3628d0a15a8e546b43b8b0722289d2faa042fc2
after,openmp,4,M,uniform,False,257250,0.34244678400136763,8823213,631886533,f36fa262447622cc9b4a26a91d0f0c8395a635357e91a30035c632676a2cbf44
after,openmp,4,M,uniform,True,257250,0.1806161519998568,8823213,631886533,b20db6a59eb71723bc7238e18f4279fb27579f6b3bf158285719931b5bbb92ee
after,openmp,4,M,mixed,False,264600,0.36689022799691884,3271146,185474531,00f51e3e5204430e4653d0b79490e500b0d2f22e61d8d26fb908609fcd838e45
after,openmp,4,M,mixed,True,264600,0.18582072299614083,3271146,185474531,454bf03a62ec3a03681e04e9125ff1f08a69f963e6eb48517381cb2e2369ed60
after,openmp,4,L,uniform,False,998250,1.2868648520015995,34133242,2448170297,892767fece02e6188243dee97b37e6ad9ab600e360e73d5bf098ef701784fa65
after,openmp,4,L,uniform,True,998250,0.669126321998192,34133242,2448170297,50be01110c24062819e664c3dae3eff35804ccffdd60666ca69372c5f8567931
after,openmp,4,L,mixed,False,998784,1.3973727019983926,12333220,651285883,e5ac30b2e74a1ca02352a89a521016bdfc85bb5c53494bf314b34d2eaefc567a
after,openmp,4,L,mixed,True,998784,0.7264396539976588,12333220,651285883,2a3bde74e4c84a566be35928f3628d0a15a8e546b43b8b0722289d2faa042fc2
before,openmp,8,M,uniform,False,257250,0.32963822499732487,8823363,634451449,f36fa262447622cc9b4a26a91d0f0c8395a635357e91a30035c632676a2cbf44
before,openmp,8,M,uniform,True,257250,0.16676835199905327,8823363,634451449,b20db6a59eb71723bc7238e18f4279fb27579f6b3bf158285719931b5bbb92ee
before,openmp,8,M,mixed,False,264600,0.37365153599967016,3271184,207425831,00f51e3e5204430e4653d0b79490e500b0d2f22e61d8d26fb908609fcd838e45
before,openmp,8,M,mixed,True,264600,0.18897033700341126,3271184,207425831,454bf03a62ec3a03681e04e9125ff1f08a69f963e6eb48517381cb2e2369ed60
before,openmp,8,L,uniform,False,998250,1.223432696002419,34133394,2458189389,892767fece02e6188243dee97b37e6ad9ab600e360e73d5bf098ef701784fa65
before,openmp,8,L,uniform,True,998250,0.5843378609934007,34133394,2458189389,50be01110c24062819e664c3dae3eff35804ccffdd60666ca69372c5f8567931
before,openmp,8,L,mixed,False,998784,1.4008436349977273,12333260,682040159,e5ac30b2e74a1ca02352a89a521016bdfc85bb5c53494bf314b34d2eaefc567a
before,openmp,8,L,mixed,True,998784,0.6890604439977324,12333260,682040159,2a3bde74e4c84a566be35928f3628d0a15a8e546b43b8b0722289d2faa042fc2
after,openmp,8,M,uniform,False,257250,0.32726662600180134,8823345,633383301,f36fa262447622cc9b4a26a91d0f0c8395a635357e91a30035c632676a2cbf44
after,openmp,8,M,uniform,True,257250,0.160173460993974,8823345,633383301,b20db6a59eb71723bc7238e18f4279fb27579f6b3bf158285719931b5bbb92ee
after,openmp,8,M,mixed,False,264600,0.36854890899849124,3271146,185474531,00f51e3e5204430e4653d0b79490e500b0d2f22e61d8d26fb908609fcd838e45
after,openmp,8,M,mixed,True,264600,0.18642395999631844,3271146,185474531,454bf03a62ec3a03681e04e9125ff1f08a69f963e6eb48517381cb2e2369ed60
after,openmp,8,L,uniform,False,998250,1.2237827119970461,34133374,2453793785,892767fece02e6188243dee97b37e6ad9ab600e360e73d5bf098ef701784fa65
after,openmp,8,L,uniform,True,998250,0.5837546629991266,34133374,2453793785,50be01110c24062819e664c3dae3eff35804ccffdd60666ca69372c5f8567931
after,openmp,8,L,mixed,False,998784,1.3917055880010594,12333220,651285883,e5ac30b2e74a1ca02352a89a521016bdfc85bb5c53494bf314b34d2eaefc567a
after,openmp,8,L,mixed,True,998784,0.7081615460047033,12333220,651285883,2a3bde74e4c84a566be35928f3628d0a15a8e546b43b8b0722289d2faa042fc2
before,tbb,1,M,uniform,False,257250,0.4609508339999593,8823229,631461633,f36fa262447622cc9b4a26a91d0f0c8395a635357e91a30035c632676a2cbf44
before,tbb,1,M,uniform,True,257250,0.29323826700419886,8823229,631461633,b20db6a59eb71723bc7238e18f4279fb27579f6b3bf158285719931b5bbb92ee
before,tbb,1,M,mixed,False,264600,0.40098531900002854,3271184,207425831,00f51e3e5204430e4653d0b79490e500b0d2f22e61d8d26fb908609fcd838e45
before,tbb,1,M,mixed,True,264600,0.21356148199993186,3271184,207425831,454bf03a62ec3a03681e04e9125ff1f08a69f963e6eb48517381cb2e2369ed60
before,tbb,1,L,uniform,False,998250,1.7134510839969153,34133260,2446946101,892767fece02e6188243dee97b37e6ad9ab600e360e73d5bf098ef701784fa65
before,tbb,1,L,uniform,True,998250,1.0905712679959834,34133260,2446946101,50be01110c24062819e664c3dae3eff35804ccffdd60666ca69372c5f8567931
before,tbb,1,L,mixed,False,998784,1.5027439269979368,12333260,682040159,e5ac30b2e74a1ca02352a89a521016bdfc85bb5c53494bf314b34d2eaefc567a
before,tbb,1,L,mixed,True,998784,0.8318883110041497,12333260,682040159,2a3bde74e4c84a566be35928f3628d0a15a8e546b43b8b0722289d2faa042fc2
after,tbb,1,M,uniform,False,257250,0.4620891689992277,8823211,630393485,f36fa262447622cc9b4a26a91d0f0c8395a635357e91a30035c632676a2cbf44
after,tbb,1,M,uniform,True,257250,0.29507939299946884,8823211,630393485,b20db6a59eb71723bc7238e18f4279fb27579f6b3bf158285719931b5bbb92ee
after,tbb,1,M,mixed,False,264600,0.39979593099997146,3271146,185474531,00f51e3e5204430e4653d0b79490e500b0d2f22e61d8d26fb908609fcd838e45
after,tbb,1,M,mixed,True,264600,0.21614933799719438,3271146,185474531,454bf03a62ec3a03681e04e9125ff1f08a69f963e6eb48517381cb2e2369ed60
after,tbb,1,L,uniform,False,998250,1.7769421589982812,34133240,2442550497,892767fece02e6188243dee97b37e6ad9ab600e360e73d5bf098ef701784fa65
after,tbb,1,L,uniform,True,998250,1.1469491480020224,34133240,2442550497,50be01110c24062819e664c3dae3eff35804ccffdd60666ca69372c5f8567931
after,tbb,1,L,mixed,False,998784,1.4818412940003327,12333220,651285883,e5ac30b2e74a1ca02352a89a521016bdfc85bb5c53494bf314b34d2eaefc567a
after,tbb,1,L,mixed,True,998784,0.8207385529967723,12333220,651285883,2a3bde74e4c84a566be35928f3628d0a15a8e546b43b8b0722289d2faa042fc2
before,tbb,4,M,uniform,False,257250,0.3649860330042429,8823231,632954681,f36fa262447622cc9b4a26a91d0f0c8395a635357e91a30035c632676a2cbf44
before,tbb,4,M,uniform,True,257250,0.1751508909947006,8823231,632954681,b20db6a59eb71723bc7238e18f4279fb27579f6b3bf158285719931b5bbb92ee
before,tbb,4,M,mixed,False,264600,0.43493804200261366,3271184,207425831,00f51e3e5204430e4653d0b79490e500b0d2f22e61d8d26fb908609fcd838e45
before,tbb,4,M,mixed,True,264600,0.2185954539963859,3271184,207425831,454bf03a62ec3a03681e04e9125ff1f08a69f963e6eb48517381cb2e2369ed60
before,tbb,4,L,uniform,False,998250,1.4780314740055474,34133262,2452565901,892767fece02e6188243dee97b37e6ad9ab600e360e73d5bf098ef701784fa65
before,tbb,4,L,uniform,True,998250,0.665290286000527,34133262,2452565901,50be01110c24062819e664c3dae3eff35804ccffdd60666ca69372c5f8567931
before,tbb,4,L,mixed,False,998784,1.685979687004874,12333260,682040159,e5ac30b2e74a1ca02352a89a521016bdfc85bb5c53494bf314b34d2eaefc567a
before,tbb,4,L,mixed,True,998784,0.8608306650057784,12333260,682040159,2a3bde74e4c84a566be35928f3628d0a15a8e546b43b8b0722289d2faa042fc2
after,tbb,4,M,uniform,False,257250,0.34282992700173054,8823213,631886533,f36fa262447622cc9b4a26a91d0f0c8395a635357e91a30035c632676a2cbf44
after,tbb,4,M,uniform,True,257250,0.17248281600041082,8823213,631886533,b20db6a59eb71723bc7238e18f4279fb27579f6b3bf158285719931b5bbb92ee
after,tbb,4,M,mixed,False,264600,0.40073292500164825,3271146,185474531,00f51e3e5204430e4653d0b79490e500b0d2f22e61d8d26fb908609fcd838e45
after,tbb,4,M,mixed,True,264600,0.21892295399447903,3271146,185474531,454bf03a62ec3a03681e04e9125ff1f08a69f963e6eb48517381cb2e2369ed60
after,tbb,4,L,uniform,False,998250,1.2900963650026824,34133242,2448170297,892767fece02e6188243dee97b37e6ad9ab600e360e73d5bf098ef701784fa65
after,tbb,4,L,uniform,True,998250,0.6674404950026656,34133242,2448170297,50be01110c24062819e664c3dae3eff35804ccffdd60666ca69372c5f8567931
after,tbb,4,L,mixed,False,998784,1.5073023899967666,12333220,651285883,e5ac30b2e74a1ca02352a89a521016bdfc85bb5c53494bf314b34d2eaefc567a
after,tbb,4,L,mixed,True,998784,0.8212294179975288,12333220,651285883,2a3bde74e4c84a566be35928f3628d0a15a8e546b43b8b0722289d2faa042fc2
before,tbb,8,M,uniform,False,257250,0.3492335990013089,8823231,634447705,f36fa262447622cc9b4a26a91d0f0c8395a635357e91a30035c632676a2cbf44
before,tbb,8,M,uniform,True,257250,0.1545308450004086,8823231,634447705,b20db6a59eb71723bc7238e18f4279fb27579f6b3bf158285719931b5bbb92ee
before,tbb,8,M,mixed,False,264600,0.3964081559970509,3271184,207425831,00f51e3e5204430e4653d0b79490e500b0d2f22e61d8d26fb908609fcd838e45
before,tbb,8,M,mixed,True,264600,0.20723544999782462,3271184,207425831,454bf03a62ec3a03681e04e9125ff1f08a69f963e6eb48517381cb2e2369ed60
before,tbb,8,L,uniform,False,998250,1.2447026260051643,34133262,2458185645,892767fece02e6188243dee97b37e6ad9ab600e360e73d5bf098ef701784fa65
before,tbb,8,L,uniform,True,998250,0.6187991740007419,34133262,2458185645,50be01110c24062819e664c3dae3eff35804ccffdd60666ca69372c5f8567931
before,tbb,8,L,mixed,False,998784,1.5366947459988296,12333260,682040159,e5ac30b2e74a1ca02352a89a521016bdfc85bb5c53494bf314b34d2eaefc567a
before,tbb,8,L,mixed,True,998784,0.8547711490027723,12333260,682040159,2a3bde74e4c84a566be35928f3628d0a15a8e546b43b8b0722289d2faa042fc2
after,tbb,8,M,uniform,False,257250,0.32035908899706556,8823213,633379557,f36fa262447622cc9b4a26a91d0f0c8395a635357e91a30035c632676a2cbf44
after,tbb,8,M,uniform,True,257250,0.16085084299993468,8823213,633379557,b20db6a59eb71723bc7238e18f4279fb27579f6b3bf158285719931b5bbb92ee
after,tbb,8,M,mixed,False,264600,0.4014928519973182,3271146,185474531,00f51e3e5204430e4653d0b79490e500b0d2f22e61d8d26fb908609fcd838e45
after,tbb,8,M,mixed,True,264600,0.21705076299986104,3271146,185474531,454bf03a62ec3a03681e04e9125ff1f08a69f963e6eb48517381cb2e2369ed60
after,tbb,8,L,uniform,False,998250,1.2369407119986136,34133242,2453790041,892767fece02e6188243dee97b37e6ad9ab600e360e73d5bf098ef701784fa65
after,tbb,8,L,uniform,True,998250,0.6102848689988605,34133242,2453790041,50be01110c24062819e664c3dae3eff35804ccffdd60666ca69372c5f8567931
after,tbb,8,L,mixed,False,998784,1.5318701910000527,12333220,651285883,e5ac30b2e74a1ca02352a89a521016bdfc85bb5c53494bf314b34d2eaefc567a
after,tbb,8,L,mixed,True,998784,0.832579600995814,12333220,651285883,2a3bde74e4c84a566be35928f3628d0a15a8e546b43b8b0722289d2faa042fc2
