backend,threads,op,cells,median_s,runs,digest
seq,1,extract_surface,162000,0.103504,3,5e9769da37179a94
seq,1,smooth_volume,162000,2.501707,3,a5abe74c21a7663e
seq,1,pipeline_smooth_surface,162000,2.647731,3,4152cfe80dd024de
seq,1,extract_surface,750000,0.535366,3,02ddafbc6c308fd1
seq,1,smooth_volume,750000,12.291795,3,2c24b88ab095cba3
seq,1,pipeline_smooth_surface,750000,13.132906,3,7fb2019cf401a186
openmp,1,extract_surface,162000,0.105149,3,5e9769da37179a94
openmp,1,smooth_volume,162000,2.521178,3,a5abe74c21a7663e
openmp,1,pipeline_smooth_surface,162000,2.585265,3,4152cfe80dd024de
openmp,1,extract_surface,750000,0.526782,3,02ddafbc6c308fd1
openmp,1,smooth_volume,750000,11.926378,3,2c24b88ab095cba3
openmp,1,pipeline_smooth_surface,750000,12.486229,3,7fb2019cf401a186
openmp,4,extract_surface,162000,0.067095,3,5e9769da37179a94
openmp,4,smooth_volume,162000,0.695001,3,a5abe74c21a7663e
openmp,4,pipeline_smooth_surface,162000,0.792507,3,4152cfe80dd024de
openmp,4,extract_surface,750000,0.359286,3,02ddafbc6c308fd1
openmp,4,smooth_volume,750000,3.361933,3,2c24b88ab095cba3
openmp,4,pipeline_smooth_surface,750000,3.702730,3,7fb2019cf401a186
