stage,backend,threads,op,cells,median_s,runs,digest
before,seq,1,reorder,162000,0.049812,3,16fb855a9ca0c032
before,seq,1,reorder_hilbert,162000,0.007808,3,07d17ee12b4d826a
before,seq,1,reorder_ragged,162000,0.453256,3,864094a407afd8a6
before,seq,1,read_ragged_ensight,162000,0.080326,3,04971841a4805008
before,seq,1,read_ragged_tecplot,162000,0.342958,3,eb05e41831325d46
before,seq,1,reorder,750000,0.225707,3,d4172559baeb83f4
before,seq,1,reorder_hilbert,750000,0.045278,3,f2cf3287f4ab882c
before,seq,1,reorder_ragged,750000,2.196971,3,c6baa9d112c3cc48
before,seq,1,read_ragged_ensight,750000,0.504763,3,fd11a993ce9d1e78
before,seq,1,read_ragged_tecplot,750000,1.983741,3,725e5774b0aa7c63
before,openmp,1,reorder,162000,0.033031,3,16fb855a9ca0c032
before,openmp,1,reorder_hilbert,162000,0.008332,3,07d17ee12b4d826a
before,openmp,1,reorder_ragged,162000,0.476060,3,864094a407afd8a6
before,openmp,1,read_ragged_ensight,162000,0.090205,3,04971841a4805008
before,openmp,1,read_ragged_tecplot,162000,0.331915,3,eb05e41831325d46
before,openmp,1,reorder,750000,0.200543,3,d4172559baeb83f4
before,openmp,1,reorder_hilbert,750000,0.046475,3,f2cf3287f4ab882c
before,openmp,1,reorder_ragged,750000,2.229524,3,c6baa9d112c3cc48
before,openmp,1,read_ragged_ensight,750000,0.526634,3,fd11a993ce9d1e78
before,openmp,1,read_ragged_tecplot,750000,2.001323,3,725e5774b0aa7c63
before,openmp,4,reorder,162000,0.026836,3,16fb855a9ca0c032
before,openmp,4,reorder_hilbert,162000,0.003930,3,07d17ee12b4d826a
before,openmp,4,reorder_ragged,162000,0.294455,3,864094a407afd8a6
before,openmp,4,read_ragged_ensight,162000,0.096457,3,04971841a4805008
before,openmp,4,read_ragged_tecplot,162000,0.357846,3,eb05e41831325d46
before,openmp,4,reorder,750000,0.145573,3,d4172559baeb83f4
before,openmp,4,reorder_hilbert,750000,0.019230,3,f2cf3287f4ab882c
before,openmp,4,reorder_ragged,750000,1.763715,3,c6baa9d112c3cc48
before,openmp,4,read_ragged_ensight,750000,0.567337,3,fd11a993ce9d1e78
before,openmp,4,read_ragged_tecplot,750000,2.060208,3,725e5774b0aa7c63
after,seq,1,reorder,162000,0.034122,3,16fb855a9ca0c032
after,seq,1,reorder_hilbert,162000,0.007221,3,07d17ee12b4d826a
after,seq,1,reorder_ragged,162000,0.416459,3,864094a407afd8a6
after,seq,1,read_ragged_ensight,162000,0.017669,3,04971841a4805008
after,seq,1,read_ragged_tecplot,162000,0.251615,3,eb05e41831325d46
after,seq,1,reorder,750000,0.210514,3,d4172559baeb83f4
after,seq,1,reorder_hilbert,750000,0.056960,3,f2cf3287f4ab882c
after,seq,1,reorder_ragged,750000,2.097518,3,c6baa9d112c3cc48
after,seq,1,read_ragged_ensight,750000,0.137615,3,fd11a993ce9d1e78
after,seq,1,read_ragged_tecplot,750000,1.442374,3,725e5774b0aa7c63
after,openmp,1,reorder,162000,0.036998,3,16fb855a9ca0c032
after,openmp,1,reorder_hilbert,162000,0.008701,3,07d17ee12b4d826a
after,openmp,1,reorder_ragged,162000,0.425321,3,864094a407afd8a6
after,openmp,1,read_ragged_ensight,162000,0.018784,3,04971841a4805008
after,openmp,1,read_ragged_tecplot,162000,0.258514,3,eb05e41831325d46
after,openmp,1,reorder,750000,0.211662,3,d4172559baeb83f4
after,openmp,1,reorder_hilbert,750000,0.052864,3,f2cf3287f4ab882c
after,openmp,1,reorder_ragged,750000,2.037287,3,c6baa9d112c3cc48
after,openmp,1,read_ragged_ensight,750000,0.144356,3,fd11a993ce9d1e78
after,openmp,1,read_ragged_tecplot,750000,1.355736,3,725e5774b0aa7c63
after,openmp,4,reorder,162000,0.024249,3,16fb855a9ca0c032
after,openmp,4,reorder_hilbert,162000,0.003397,3,07d17ee12b4d826a
after,openmp,4,reorder_ragged,162000,0.278808,3,864094a407afd8a6
after,openmp,4,read_ragged_ensight,162000,0.017780,3,04971841a4805008
after,openmp,4,read_ragged_tecplot,162000,0.265987,3,eb05e41831325d46
after,openmp,4,reorder,750000,0.147949,3,d4172559baeb83f4
after,openmp,4,reorder_hilbert,750000,0.021301,3,f2cf3287f4ab882c
after,openmp,4,reorder_ragged,750000,1.275870,3,c6baa9d112c3cc48
after,openmp,4,read_ragged_ensight,750000,0.144777,3,fd11a993ce9d1e78
after,openmp,4,read_ragged_tecplot,750000,1.357264,3,725e5774b0aa7c63
