stage,source_commit,mesh_backend,backend,threads,compiler,build_type,size,cells,bytes,timing_repeats,timing_warmup,read_s,write_s,allocation_repeats,allocations,requested_bytes,file_sha256,mesh_sha256,module_sha256
before,3b0791205bd68cdd50d3127d1aa9d08047ba9900,MESHIO,seq,1,Clang 23.1.1,Release,M,257250,16885867,7,1,0.1666395630018087,0.18820755399792688,3,140031,551509791,5452c33f284f965ae422329491fffaa9a170b632339c1b854f442beea174709a,15b54061cc6c4b69389a4ea9fc0b200eb2b5e8d51d1a58c01de5eb6a83ccfdf5,a4916e049a1aed6b4d6fc28ababd90c534affa2733b592179a8557cc1ffcf645
before,3b0791205bd68cdd50d3127d1aa9d08047ba9900,MESHIO,seq,1,Clang 23.1.1,Release,L,998250,67529437,7,1,0.5762921720015584,0.5235876999940956,3,526913,2203755809,81ecbdf70e86f82be1aef9ce0ad5c07f15f3ccb1128581e98869d5af23b2cfbe,fe3fe16e6ac5ef5abd6a90331a27be64c0c7c44003dd6cc92f2c8be9ab90a110,a4916e049a1aed6b4d6fc28ababd90c534affa2733b592179a8557cc1ffcf645
before,3b0791205bd68cdd50d3127d1aa9d08047ba9900,MESHIO,openmp,1,GCC 16.2.1,Release,M,257250,16885867,7,1,0.136819691004348,0.19011545900139026,3,140031,551509800,5452c33f284f965ae422329491fffaa9a170b632339c1b854f442beea174709a,15b54061cc6c4b69389a4ea9fc0b200eb2b5e8d51d1a58c01de5eb6a83ccfdf5,ba7a06296dbdb6c1b2538c74effa7db6dc2e370c906e90797dfaead5fb7e2175
before,3b0791205bd68cdd50d3127d1aa9d08047ba9900,MESHIO,openmp,1,GCC 16.2.1,Release,L,998250,67529437,7,1,0.5317653710008017,0.5339858509978512,3,526913,2203755818,81ecbdf70e86f82be1aef9ce0ad5c07f15f3ccb1128581e98869d5af23b2cfbe,fe3fe16e6ac5ef5abd6a90331a27be64c0c7c44003dd6cc92f2c8be9ab90a110,ba7a06296dbdb6c1b2538c74effa7db6dc2e370c906e90797dfaead5fb7e2175
before,3b0791205bd68cdd50d3127d1aa9d08047ba9900,MESHIO,openmp,4,GCC 16.2.1,Release,M,257250,16885867,7,1,0.13889047400152776,0.19527215600101044,3,140031,551509800,5452c33f284f965ae422329491fffaa9a170b632339c1b854f442beea174709a,15b54061cc6c4b69389a4ea9fc0b200eb2b5e8d51d1a58c01de5eb6a83ccfdf5,ba7a06296dbdb6c1b2538c74effa7db6dc2e370c906e90797dfaead5fb7e2175
before,3b0791205bd68cdd50d3127d1aa9d08047ba9900,MESHIO,openmp,4,GCC 16.2.1,Release,L,998250,67529437,7,1,0.5331641809971188,0.5455941700056428,3,526913,2203755818,81ecbdf70e86f82be1aef9ce0ad5c07f15f3ccb1128581e98869d5af23b2cfbe,fe3fe16e6ac5ef5abd6a90331a27be64c0c7c44003dd6cc92f2c8be9ab90a110,ba7a06296dbdb6c1b2538c74effa7db6dc2e370c906e90797dfaead5fb7e2175
before,3b0791205bd68cdd50d3127d1aa9d08047ba9900,MESHIO,openmp,8,GCC 16.2.1,Release,M,257250,16885867,7,1,0.13627567500225268,0.19223002200305928,3,140031,551509800,5452c33f284f965ae422329491fffaa9a170b632339c1b854f442beea174709a,15b54061cc6c4b69389a4ea9fc0b200eb2b5e8d51d1a58c01de5eb6a83ccfdf5,ba7a06296dbdb6c1b2538c74effa7db6dc2e370c906e90797dfaead5fb7e2175
before,3b0791205bd68cdd50d3127d1aa9d08047ba9900,MESHIO,openmp,8,GCC 16.2.1,Release,L,998250,67529437,7,1,0.5241270420010551,0.5200125830015168,3,526913,2203755818,81ecbdf70e86f82be1aef9ce0ad5c07f15f3ccb1128581e98869d5af23b2cfbe,fe3fe16e6ac5ef5abd6a90331a27be64c0c7c44003dd6cc92f2c8be9ab90a110,ba7a06296dbdb6c1b2538c74effa7db6dc2e370c906e90797dfaead5fb7e2175
before,3b0791205bd68cdd50d3127d1aa9d08047ba9900,MESHIO,tbb,1,Clang 23.1.1,Release,M,257250,16885867,7,1,0.1639726770008565,0.19309797800087836,3,140031,551509791,5452c33f284f965ae422329491fffaa9a170b632339c1b854f442beea174709a,15b54061cc6c4b69389a4ea9fc0b200eb2b5e8d51d1a58c01de5eb6a83ccfdf5,34d2d44b309aca8d1cff04abc8a3680a7e3fe453e291c187d10c5974dcb5ac04
before,3b0791205bd68cdd50d3127d1aa9d08047ba9900,MESHIO,tbb,1,Clang 23.1.1,Release,L,998250,67529437,7,1,0.5633486369988532,0.516264471996692,3,526913,2203755809,81ecbdf70e86f82be1aef9ce0ad5c07f15f3ccb1128581e98869d5af23b2cfbe,fe3fe16e6ac5ef5abd6a90331a27be64c0c7c44003dd6cc92f2c8be9ab90a110,34d2d44b309aca8d1cff04abc8a3680a7e3fe453e291c187d10c5974dcb5ac04
before,3b0791205bd68cdd50d3127d1aa9d08047ba9900,MESHIO,tbb,4,Clang 23.1.1,Release,M,257250,16885867,7,1,0.16517029800161254,0.19350512899836758,3,140031,551509791,5452c33f284f965ae422329491fffaa9a170b632339c1b854f442beea174709a,15b54061cc6c4b69389a4ea9fc0b200eb2b5e8d51d1a58c01de5eb6a83ccfdf5,34d2d44b309aca8d1cff04abc8a3680a7e3fe453e291c187d10c5974dcb5ac04
before,3b0791205bd68cdd50d3127d1aa9d08047ba9900,MESHIO,tbb,4,Clang 23.1.1,Release,L,998250,67529437,7,1,0.5743511729961028,0.507451890000084,3,526913,2203755809,81ecbdf70e86f82be1aef9ce0ad5c07f15f3ccb1128581e98869d5af23b2cfbe,fe3fe16e6ac5ef5abd6a90331a27be64c0c7c44003dd6cc92f2c8be9ab90a110,34d2d44b309aca8d1cff04abc8a3680a7e3fe453e291c187d10c5974dcb5ac04
before,3b0791205bd68cdd50d3127d1aa9d08047ba9900,MESHIO,tbb,8,Clang 23.1.1,Release,M,257250,16885867,7,1,0.16461073399841553,0.19587925099767745,3,140031,551509791,5452c33f284f965ae422329491fffaa9a170b632339c1b854f442beea174709a,15b54061cc6c4b69389a4ea9fc0b200eb2b5e8d51d1a58c01de5eb6a83ccfdf5,34d2d44b309aca8d1cff04abc8a3680a7e3fe453e291c187d10c5974dcb5ac04
before,3b0791205bd68cdd50d3127d1aa9d08047ba9900,MESHIO,tbb,8,Clang 23.1.1,Release,L,998250,67529437,7,1,0.5655904079976608,0.5218290560005698,3,526913,2203755809,81ecbdf70e86f82be1aef9ce0ad5c07f15f3ccb1128581e98869d5af23b2cfbe,fe3fe16e6ac5ef5abd6a90331a27be64c0c7c44003dd6cc92f2c8be9ab90a110,34d2d44b309aca8d1cff04abc8a3680a7e3fe453e291c187d10c5974dcb5ac04
