stage,backend,threads,size,format,input,cells,bytes,file_sha256,mesh_sha256,module_sha256,source_commit,reader,read_s,write_s,timing_repeats,timing_warmup,allocations,requested_bytes,allocation_repeats
before,seq,1,M,abaqus,volume,257250,11266874,81120edc994cad7e521ddde6e6e53d93e863ed665691df000ab1140a60f97896,b4cbb145bd77b774e8a31abb8b3627beb62a1065f97960876429454f2adb7741,009bdbe7aaac3880f9a1123062fbe3467f7f1b49df2f74635a38380cd6b7b10d,2d39e4020d2cac0a8372e170eb9ce92296741614,strict Python dispatch,0.08599956700345501,0.034997395996470004,7,1,2407418,283283746,3
before,seq,1,M,nastran,volume,257250,19235617,a64e17cc57a3a4ddf2d53072f3d60394a10404f54b79e278268418b1e0cdae08,95ab000d0b099e02e91628d607b2c87ab7bc6d1e9c34deb6b02187dd809f35d4,009bdbe7aaac3880f9a1123062fbe3467f7f1b49df2f74635a38380cd6b7b10d,2d39e4020d2cac0a8372e170eb9ce92296741614,strict Python dispatch,0.23372583799937274,0.3943125130026601,7,1,6754878,627647095,3
before,seq,1,M,netgen,volume,257250,10197802,5bf924e5e76dfd406b0c99f311e2467dc31ce1789ea1c03941d1cf4907ffd3aa,14060bc4307eb6611ec20abe7332d3900a5d1018c78514cd42cdc318ee652539,009bdbe7aaac3880f9a1123062fbe3467f7f1b49df2f74635a38380cd6b7b10d,2d39e4020d2cac0a8372e170eb9ce92296741614,strict Python dispatch,0.059011145000113174,0.07165040400286671,7,1,1916854,213319789,3
before,seq,1,M,flac3d,volume,257250,12657537,21a2a3294c1fd14e9073d7bfd73e68f1fa8b08ae55a9a424f905d8391581214e,f275accc511fda3bfce57e20f17ed4328c7bfc6aa7958a648cf89590de905b42,009bdbe7aaac3880f9a1123062fbe3467f7f1b49df2f74635a38380cd6b7b10d,2d39e4020d2cac0a8372e170eb9ce92296741614,strict Python dispatch,0.07018996299302671,0.10149069401086308,7,1,2220781,201868693,3
before,seq,1,L,abaqus,volume,998250,46103699,c92b81b056da25065ed5bfecda8e1459dfbd440c936c51842ef99ffda5e031b1,c630e88aa0d6889a6ccd2fd5a00538112f8f545c01a5003483b09820aa8ae4c0,009bdbe7aaac3880f9a1123062fbe3467f7f1b49df2f74635a38380cd6b7b10d,2d39e4020d2cac0a8372e170eb9ce92296741614,strict Python dispatch,0.335656764000305,0.14191959900199436,7,1,9270901,1068508549,3
before,seq,1,L,nastran,volume,998250,74110697,49f0c158ac0b9ae02bd4d9fd45f620057685c8adc7be7eefce7a5abcb0ce319e,e037c8315c16b92a7f8429ff28e25077029edd46cf32b311c3cc9768e64d2dfa,009bdbe7aaac3880f9a1123062fbe3467f7f1b49df2f74635a38380cd6b7b10d,2d39e4020d2cac0a8372e170eb9ce92296741614,strict Python dispatch,0.9168834360025357,1.3244186560041271,7,1,26055382,2432190351,3
before,seq,1,L,netgen,volume,998250,41575371,961156d22a672480a06d9856867faa06adcffa0db121c0589736ab133ab7c06c,8b6fc481559d29a4efc841639881a2e5d3ec38d417602803ad2d43b477c36843,009bdbe7aaac3880f9a1123062fbe3467f7f1b49df2f74635a38380cd6b7b10d,2d39e4020d2cac0a8372e170eb9ce92296741614,strict Python dispatch,0.23276326000632253,0.31127661099890247,7,1,7394529,792157678,3
before,seq,1,L,flac3d,volume,998250,51381665,33b914ed4a471ad68dd9cbcd4adfbef12bbe3f252916fa8b842fbf5f1a8bcea7,a0a59a1921dd6f85c256b291198b71f4648c243933a826c7b2a5fad2e1e7ede6,009bdbe7aaac3880f9a1123062fbe3467f7f1b49df2f74635a38380cd6b7b10d,2d39e4020d2cac0a8372e170eb9ce92296741614,strict Python dispatch,0.28527471800043713,0.420861609003623,7,1,8568429,782706085,3
before,openmp,1,M,abaqus,volume,257250,11266874,81120edc994cad7e521ddde6e6e53d93e863ed665691df000ab1140a60f97896,b4cbb145bd77b774e8a31abb8b3627beb62a1065f97960876429454f2adb7741,cdfbb1f389b6c0e55ff5f629e633e782ec196740208fa1b23ac6a87b809b9283,2d39e4020d2cac0a8372e170eb9ce92296741614,strict Python dispatch,0.0763903500046581,0.03724666600464843,7,1,2407418,283283761,3
before,openmp,1,M,nastran,volume,257250,19235617,a64e17cc57a3a4ddf2d53072f3d60394a10404f54b79e278268418b1e0cdae08,95ab000d0b099e02e91628d607b2c87ab7bc6d1e9c34deb6b02187dd809f35d4,cdfbb1f389b6c0e55ff5f629e633e782ec196740208fa1b23ac6a87b809b9283,2d39e4020d2cac0a8372e170eb9ce92296741614,strict Python dispatch,0.2110195040004328,0.36806871100270655,7,1,6754878,627647101,3
before,openmp,1,M,netgen,volume,257250,10197802,5bf924e5e76dfd406b0c99f311e2467dc31ce1789ea1c03941d1cf4907ffd3aa,14060bc4307eb6611ec20abe7332d3900a5d1018c78514cd42cdc318ee652539,cdfbb1f389b6c0e55ff5f629e633e782ec196740208fa1b23ac6a87b809b9283,2d39e4020d2cac0a8372e170eb9ce92296741614,strict Python dispatch,0.05435993599530775,0.06556850500055589,7,1,1916854,213319804,3
before,openmp,1,M,flac3d,volume,257250,12657537,21a2a3294c1fd14e9073d7bfd73e68f1fa8b08ae55a9a424f905d8391581214e,f275accc511fda3bfce57e20f17ed4328c7bfc6aa7958a648cf89590de905b42,cdfbb1f389b6c0e55ff5f629e633e782ec196740208fa1b23ac6a87b809b9283,2d39e4020d2cac0a8372e170eb9ce92296741614,strict Python dispatch,0.08011455000087153,0.09687942400341853,7,1,2220781,201868702,3
before,openmp,1,L,abaqus,volume,998250,46103699,c92b81b056da25065ed5bfecda8e1459dfbd440c936c51842ef99ffda5e031b1,c630e88aa0d6889a6ccd2fd5a00538112f8f545c01a5003483b09820aa8ae4c0,cdfbb1f389b6c0e55ff5f629e633e782ec196740208fa1b23ac6a87b809b9283,2d39e4020d2cac0a8372e170eb9ce92296741614,strict Python dispatch,0.2888684969948372,0.20357609899656381,7,1,9270901,1068508555,3
before,openmp,1,L,nastran,volume,998250,74110697,49f0c158ac0b9ae02bd4d9fd45f620057685c8adc7be7eefce7a5abcb0ce319e,e037c8315c16b92a7f8429ff28e25077029edd46cf32b311c3cc9768e64d2dfa,cdfbb1f389b6c0e55ff5f629e633e782ec196740208fa1b23ac6a87b809b9283,2d39e4020d2cac0a8372e170eb9ce92296741614,strict Python dispatch,0.8666108259931207,1.319284023004002,7,1,26055382,2432190357,3
before,openmp,1,L,netgen,volume,998250,41575371,961156d22a672480a06d9856867faa06adcffa0db121c0589736ab133ab7c06c,8b6fc481559d29a4efc841639881a2e5d3ec38d417602803ad2d43b477c36843,cdfbb1f389b6c0e55ff5f629e633e782ec196740208fa1b23ac6a87b809b9283,2d39e4020d2cac0a8372e170eb9ce92296741614,strict Python dispatch,0.22171421199163888,0.3039400379930157,7,1,7394529,792157684,3
before,openmp,1,L,flac3d,volume,998250,51381665,33b914ed4a471ad68dd9cbcd4adfbef12bbe3f252916fa8b842fbf5f1a8bcea7,a0a59a1921dd6f85c256b291198b71f4648c243933a826c7b2a5fad2e1e7ede6,cdfbb1f389b6c0e55ff5f629e633e782ec196740208fa1b23ac6a87b809b9283,2d39e4020d2cac0a8372e170eb9ce92296741614,strict Python dispatch,0.3414025850070175,0.4282083900034195,7,1,8568429,782706094,3
before,openmp,4,M,abaqus,volume,257250,11266874,81120edc994cad7e521ddde6e6e53d93e863ed665691df000ab1140a60f97896,b4cbb145bd77b774e8a31abb8b3627beb62a1065f97960876429454f2adb7741,cdfbb1f389b6c0e55ff5f629e633e782ec196740208fa1b23ac6a87b809b9283,2d39e4020d2cac0a8372e170eb9ce92296741614,strict Python dispatch,0.07708781000110321,0.02384701499249786,7,1,2407418,283283761,3
before,openmp,4,M,nastran,volume,257250,19235617,a64e17cc57a3a4ddf2d53072f3d60394a10404f54b79e278268418b1e0cdae08,95ab000d0b099e02e91628d607b2c87ab7bc6d1e9c34deb6b02187dd809f35d4,cdfbb1f389b6c0e55ff5f629e633e782ec196740208fa1b23ac6a87b809b9283,2d39e4020d2cac0a8372e170eb9ce92296741614,strict Python dispatch,0.21344788699934725,0.3679814310016809,7,1,6754878,627647101,3
before,openmp,4,M,netgen,volume,257250,10197802,5bf924e5e76dfd406b0c99f311e2467dc31ce1789ea1c03941d1cf4907ffd3aa,14060bc4307eb6611ec20abe7332d3900a5d1018c78514cd42cdc318ee652539,cdfbb1f389b6c0e55ff5f629e633e782ec196740208fa1b23ac6a87b809b9283,2d39e4020d2cac0a8372e170eb9ce92296741614,strict Python dispatch,0.05642046699358616,0.06606714699591976,7,1,1916854,213319804,3
before,openmp,4,M,flac3d,volume,257250,12657537,21a2a3294c1fd14e9073d7bfd73e68f1fa8b08ae55a9a424f905d8391581214e,f275accc511fda3bfce57e20f17ed4328c7bfc6aa7958a648cf89590de905b42,cdfbb1f389b6c0e55ff5f629e633e782ec196740208fa1b23ac6a87b809b9283,2d39e4020d2cac0a8372e170eb9ce92296741614,strict Python dispatch,0.08065342500049155,0.0864791539934231,7,1,2220781,201868702,3
before,openmp,4,L,abaqus,volume,998250,46103699,c92b81b056da25065ed5bfecda8e1459dfbd440c936c51842ef99ffda5e031b1,c630e88aa0d6889a6ccd2fd5a00538112f8f545c01a5003483b09820aa8ae4c0,cdfbb1f389b6c0e55ff5f629e633e782ec196740208fa1b23ac6a87b809b9283,2d39e4020d2cac0a8372e170eb9ce92296741614,strict Python dispatch,0.2881774499983294,0.07932589799747802,7,1,9270901,1068508555,3
before,openmp,4,L,nastran,volume,998250,74110697,49f0c158ac0b9ae02bd4d9fd45f620057685c8adc7be7eefce7a5abcb0ce319e,e037c8315c16b92a7f8429ff28e25077029edd46cf32b311c3cc9768e64d2dfa,cdfbb1f389b6c0e55ff5f629e633e782ec196740208fa1b23ac6a87b809b9283,2d39e4020d2cac0a8372e170eb9ce92296741614,strict Python dispatch,0.8660584239987656,1.3060694149899064,7,1,26055382,2432190357,3
before,openmp,4,L,netgen,volume,998250,41575371,961156d22a672480a06d9856867faa06adcffa0db121c0589736ab133ab7c06c,8b6fc481559d29a4efc841639881a2e5d3ec38d417602803ad2d43b477c36843,cdfbb1f389b6c0e55ff5f629e633e782ec196740208fa1b23ac6a87b809b9283,2d39e4020d2cac0a8372e170eb9ce92296741614,strict Python dispatch,0.2254848349984968,0.3056691549863899,7,1,7394529,792157684,3
before,openmp,4,L,flac3d,volume,998250,51381665,33b914ed4a471ad68dd9cbcd4adfbef12bbe3f252916fa8b842fbf5f1a8bcea7,a0a59a1921dd6f85c256b291198b71f4648c243933a826c7b2a5fad2e1e7ede6,cdfbb1f389b6c0e55ff5f629e633e782ec196740208fa1b23ac6a87b809b9283,2d39e4020d2cac0a8372e170eb9ce92296741614,strict Python dispatch,0.33830996599863283,0.39067062200047076,7,1,8568429,782706094,3
before,openmp,8,M,abaqus,volume,257250,11266874,81120edc994cad7e521ddde6e6e53d93e863ed665691df000ab1140a60f97896,b4cbb145bd77b774e8a31abb8b3627beb62a1065f97960876429454f2adb7741,cdfbb1f389b6c0e55ff5f629e633e782ec196740208fa1b23ac6a87b809b9283,2d39e4020d2cac0a8372e170eb9ce92296741614,strict Python dispatch,0.07733009599905927,0.02217322499200236,7,1,2407418,283283761,3
before,openmp,8,M,nastran,volume,257250,19235617,a64e17cc57a3a4ddf2d53072f3d60394a10404f54b79e278268418b1e0cdae08,95ab000d0b099e02e91628d607b2c87ab7bc6d1e9c34deb6b02187dd809f35d4,cdfbb1f389b6c0e55ff5f629e633e782ec196740208fa1b23ac6a87b809b9283,2d39e4020d2cac0a8372e170eb9ce92296741614,strict Python dispatch,0.21499988199502695,0.3670455030078301,7,1,6754878,627647101,3
before,openmp,8,M,netgen,volume,257250,10197802,5bf924e5e76dfd406b0c99f311e2467dc31ce1789ea1c03941d1cf4907ffd3aa,14060bc4307eb6611ec20abe7332d3900a5d1018c78514cd42cdc318ee652539,cdfbb1f389b6c0e55ff5f629e633e782ec196740208fa1b23ac6a87b809b9283,2d39e4020d2cac0a8372e170eb9ce92296741614,strict Python dispatch,0.05623112799366936,0.06668517600337509,7,1,1916854,213319804,3
before,openmp,8,M,flac3d,volume,257250,12657537,21a2a3294c1fd14e9073d7bfd73e68f1fa8b08ae55a9a424f905d8391581214e,f275accc511fda3bfce57e20f17ed4328c7bfc6aa7958a648cf89590de905b42,cdfbb1f389b6c0e55ff5f629e633e782ec196740208fa1b23ac6a87b809b9283,2d39e4020d2cac0a8372e170eb9ce92296741614,strict Python dispatch,0.08256866699957754,0.08780320300138555,7,1,2220781,201868702,3
before,openmp,8,L,abaqus,volume,998250,46103699,c92b81b056da25065ed5bfecda8e1459dfbd440c936c51842ef99ffda5e031b1,c630e88aa0d6889a6ccd2fd5a00538112f8f545c01a5003483b09820aa8ae4c0,cdfbb1f389b6c0e55ff5f629e633e782ec196740208fa1b23ac6a87b809b9283,2d39e4020d2cac0a8372e170eb9ce92296741614,strict Python dispatch,0.30100233500706963,0.0891195870062802,7,1,9270901,1068508555,3
before,openmp,8,L,nastran,volume,998250,74110697,49f0c158ac0b9ae02bd4d9fd45f620057685c8adc7be7eefce7a5abcb0ce319e,e037c8315c16b92a7f8429ff28e25077029edd46cf32b311c3cc9768e64d2dfa,cdfbb1f389b6c0e55ff5f629e633e782ec196740208fa1b23ac6a87b809b9283,2d39e4020d2cac0a8372e170eb9ce92296741614,strict Python dispatch,0.9086402889952296,1.306871342996601,7,1,26055382,2432190357,3
before,openmp,8,L,netgen,volume,998250,41575371,961156d22a672480a06d9856867faa06adcffa0db121c0589736ab133ab7c06c,8b6fc481559d29a4efc841639881a2e5d3ec38d417602803ad2d43b477c36843,cdfbb1f389b6c0e55ff5f629e633e782ec196740208fa1b23ac6a87b809b9283,2d39e4020d2cac0a8372e170eb9ce92296741614,strict Python dispatch,0.22172793999197893,0.3127443949924782,7,1,7394529,792157684,3
before,openmp,8,L,flac3d,volume,998250,51381665,33b914ed4a471ad68dd9cbcd4adfbef12bbe3f252916fa8b842fbf5f1a8bcea7,a0a59a1921dd6f85c256b291198b71f4648c243933a826c7b2a5fad2e1e7ede6,cdfbb1f389b6c0e55ff5f629e633e782ec196740208fa1b23ac6a87b809b9283,2d39e4020d2cac0a8372e170eb9ce92296741614,strict Python dispatch,0.3407649639993906,0.3733790550031699,7,1,8568429,782706094,3
before,tbb,1,M,abaqus,volume,257250,11266874,81120edc994cad7e521ddde6e6e53d93e863ed665691df000ab1140a60f97896,b4cbb145bd77b774e8a31abb8b3627beb62a1065f97960876429454f2adb7741,0f65dc9906a9c6b8c7aa2c072b9b3fecd2fa9aae85f564209fde72168cafbd5e,2d39e4020d2cac0a8372e170eb9ce92296741614,strict Python dispatch,0.08384938300878275,0.035630580998258665,7,1,2407418,283283746,3
before,tbb,1,M,nastran,volume,257250,19235617,a64e17cc57a3a4ddf2d53072f3d60394a10404f54b79e278268418b1e0cdae08,95ab000d0b099e02e91628d607b2c87ab7bc6d1e9c34deb6b02187dd809f35d4,0f65dc9906a9c6b8c7aa2c072b9b3fecd2fa9aae85f564209fde72168cafbd5e,2d39e4020d2cac0a8372e170eb9ce92296741614,strict Python dispatch,0.20776719199784566,0.37318885400600266,7,1,6754878,627647095,3
before,tbb,1,M,netgen,volume,257250,10197802,5bf924e5e76dfd406b0c99f311e2467dc31ce1789ea1c03941d1cf4907ffd3aa,14060bc4307eb6611ec20abe7332d3900a5d1018c78514cd42cdc318ee652539,0f65dc9906a9c6b8c7aa2c072b9b3fecd2fa9aae85f564209fde72168cafbd5e,2d39e4020d2cac0a8372e170eb9ce92296741614,strict Python dispatch,0.057911084004445,0.06716353399679065,7,1,1916854,213319789,3
before,tbb,1,M,flac3d,volume,257250,12657537,21a2a3294c1fd14e9073d7bfd73e68f1fa8b08ae55a9a424f905d8391581214e,f275accc511fda3bfce57e20f17ed4328c7bfc6aa7958a648cf89590de905b42,0f65dc9906a9c6b8c7aa2c072b9b3fecd2fa9aae85f564209fde72168cafbd5e,2d39e4020d2cac0a8372e170eb9ce92296741614,strict Python dispatch,0.07167922199005261,0.0977060440054629,7,1,2220781,201868693,3
before,tbb,1,L,abaqus,volume,998250,46103699,c92b81b056da25065ed5bfecda8e1459dfbd440c936c51842ef99ffda5e031b1,c630e88aa0d6889a6ccd2fd5a00538112f8f545c01a5003483b09820aa8ae4c0,0f65dc9906a9c6b8c7aa2c072b9b3fecd2fa9aae85f564209fde72168cafbd5e,2d39e4020d2cac0a8372e170eb9ce92296741614,strict Python dispatch,0.31990796799072996,0.1329748220014153,7,1,9270901,1068508549,3
before,tbb,1,L,nastran,volume,998250,74110697,49f0c158ac0b9ae02bd4d9fd45f620057685c8adc7be7eefce7a5abcb0ce319e,e037c8315c16b92a7f8429ff28e25077029edd46cf32b311c3cc9768e64d2dfa,0f65dc9906a9c6b8c7aa2c072b9b3fecd2fa9aae85f564209fde72168cafbd5e,2d39e4020d2cac0a8372e170eb9ce92296741614,strict Python dispatch,0.8549859080085298,1.341610153001966,7,1,26055382,2432190351,3
before,tbb,1,L,netgen,volume,998250,41575371,961156d22a672480a06d9856867faa06adcffa0db121c0589736ab133ab7c06c,8b6fc481559d29a4efc841639881a2e5d3ec38d417602803ad2d43b477c36843,0f65dc9906a9c6b8c7aa2c072b9b3fecd2fa9aae85f564209fde72168cafbd5e,2d39e4020d2cac0a8372e170eb9ce92296741614,strict Python dispatch,0.23467231199902017,0.3096795899909921,7,1,7394529,792157678,3
before,tbb,1,L,flac3d,volume,998250,51381665,33b914ed4a471ad68dd9cbcd4adfbef12bbe3f252916fa8b842fbf5f1a8bcea7,a0a59a1921dd6f85c256b291198b71f4648c243933a826c7b2a5fad2e1e7ede6,0f65dc9906a9c6b8c7aa2c072b9b3fecd2fa9aae85f564209fde72168cafbd5e,2d39e4020d2cac0a8372e170eb9ce92296741614,strict Python dispatch,0.3004609469935531,0.43435833099647425,7,1,8568429,782706085,3
before,tbb,4,M,abaqus,volume,257250,11266874,81120edc994cad7e521ddde6e6e53d93e863ed665691df000ab1140a60f97896,b4cbb145bd77b774e8a31abb8b3627beb62a1065f97960876429454f2adb7741,0f65dc9906a9c6b8c7aa2c072b9b3fecd2fa9aae85f564209fde72168cafbd5e,2d39e4020d2cac0a8372e170eb9ce92296741614,strict Python dispatch,0.08384101100091357,0.016847375998622738,7,1,2407418,283283746,3
before,tbb,4,M,nastran,volume,257250,19235617,a64e17cc57a3a4ddf2d53072f3d60394a10404f54b79e278268418b1e0cdae08,95ab000d0b099e02e91628d607b2c87ab7bc6d1e9c34deb6b02187dd809f35d4,0f65dc9906a9c6b8c7aa2c072b9b3fecd2fa9aae85f564209fde72168cafbd5e,2d39e4020d2cac0a8372e170eb9ce92296741614,strict Python dispatch,0.20853792200796306,0.37694824299251195,7,1,6754878,627647095,3
before,tbb,4,M,netgen,volume,257250,10197802,5bf924e5e76dfd406b0c99f311e2467dc31ce1789ea1c03941d1cf4907ffd3aa,14060bc4307eb6611ec20abe7332d3900a5d1018c78514cd42cdc318ee652539,0f65dc9906a9c6b8c7aa2c072b9b3fecd2fa9aae85f564209fde72168cafbd5e,2d39e4020d2cac0a8372e170eb9ce92296741614,strict Python dispatch,0.05633205099729821,0.06673802599834744,7,1,1916854,213319789,3
before,tbb,4,M,flac3d,volume,257250,12657537,21a2a3294c1fd14e9073d7bfd73e68f1fa8b08ae55a9a424f905d8391581214e,f275accc511fda3bfce57e20f17ed4328c7bfc6aa7958a648cf89590de905b42,0f65dc9906a9c6b8c7aa2c072b9b3fecd2fa9aae85f564209fde72168cafbd5e,2d39e4020d2cac0a8372e170eb9ce92296741614,strict Python dispatch,0.07096763700246811,0.08743838599184528,7,1,2220781,201868693,3
before,tbb,4,L,abaqus,volume,998250,46103699,c92b81b056da25065ed5bfecda8e1459dfbd440c936c51842ef99ffda5e031b1,c630e88aa0d6889a6ccd2fd5a00538112f8f545c01a5003483b09820aa8ae4c0,0f65dc9906a9c6b8c7aa2c072b9b3fecd2fa9aae85f564209fde72168cafbd5e,2d39e4020d2cac0a8372e170eb9ce92296741614,strict Python dispatch,0.3228401469968958,0.06677185400621966,7,1,9270901,1068508549,3
before,tbb,4,L,nastran,volume,998250,74110697,49f0c158ac0b9ae02bd4d9fd45f620057685c8adc7be7eefce7a5abcb0ce319e,e037c8315c16b92a7f8429ff28e25077029edd46cf32b311c3cc9768e64d2dfa,0f65dc9906a9c6b8c7aa2c072b9b3fecd2fa9aae85f564209fde72168cafbd5e,2d39e4020d2cac0a8372e170eb9ce92296741614,strict Python dispatch,0.8639883089927025,1.3436155179952038,7,1,26055382,2432190351,3
before,tbb,4,L,netgen,volume,998250,41575371,961156d22a672480a06d9856867faa06adcffa0db121c0589736ab133ab7c06c,8b6fc481559d29a4efc841639881a2e5d3ec38d417602803ad2d43b477c36843,0f65dc9906a9c6b8c7aa2c072b9b3fecd2fa9aae85f564209fde72168cafbd5e,2d39e4020d2cac0a8372e170eb9ce92296741614,strict Python dispatch,0.2344350490020588,0.3112150200031465,7,1,7394529,792157678,3
before,tbb,4,L,flac3d,volume,998250,51381665,33b914ed4a471ad68dd9cbcd4adfbef12bbe3f252916fa8b842fbf5f1a8bcea7,a0a59a1921dd6f85c256b291198b71f4648c243933a826c7b2a5fad2e1e7ede6,0f65dc9906a9c6b8c7aa2c072b9b3fecd2fa9aae85f564209fde72168cafbd5e,2d39e4020d2cac0a8372e170eb9ce92296741614,strict Python dispatch,0.29111685100360774,0.3864896799932467,7,1,8568429,782706085,3
before,tbb,8,M,abaqus,volume,257250,11266874,81120edc994cad7e521ddde6e6e53d93e863ed665691df000ab1140a60f97896,b4cbb145bd77b774e8a31abb8b3627beb62a1065f97960876429454f2adb7741,0f65dc9906a9c6b8c7aa2c072b9b3fecd2fa9aae85f564209fde72168cafbd5e,2d39e4020d2cac0a8372e170eb9ce92296741614,strict Python dispatch,0.08700021399999969,0.01346853699942585,7,1,2407418,283283746,3
before,tbb,8,M,nastran,volume,257250,19235617,a64e17cc57a3a4ddf2d53072f3d60394a10404f54b79e278268418b1e0cdae08,95ab000d0b099e02e91628d607b2c87ab7bc6d1e9c34deb6b02187dd809f35d4,0f65dc9906a9c6b8c7aa2c072b9b3fecd2fa9aae85f564209fde72168cafbd5e,2d39e4020d2cac0a8372e170eb9ce92296741614,strict Python dispatch,0.20389048899232876,0.3733987229934428,7,1,6754878,627647095,3
before,tbb,8,M,netgen,volume,257250,10197802,5bf924e5e76dfd406b0c99f311e2467dc31ce1789ea1c03941d1cf4907ffd3aa,14060bc4307eb6611ec20abe7332d3900a5d1018c78514cd42cdc318ee652539,0f65dc9906a9c6b8c7aa2c072b9b3fecd2fa9aae85f564209fde72168cafbd5e,2d39e4020d2cac0a8372e170eb9ce92296741614,strict Python dispatch,0.05869295900629368,0.06701729400083423,7,1,1916854,213319789,3
before,tbb,8,M,flac3d,volume,257250,12657537,21a2a3294c1fd14e9073d7bfd73e68f1fa8b08ae55a9a424f905d8391581214e,f275accc511fda3bfce57e20f17ed4328c7bfc6aa7958a648cf89590de905b42,0f65dc9906a9c6b8c7aa2c072b9b3fecd2fa9aae85f564209fde72168cafbd5e,2d39e4020d2cac0a8372e170eb9ce92296741614,strict Python dispatch,0.07145077399036381,0.08567366699571721,7,1,2220781,201868693,3
before,tbb,8,L,abaqus,volume,998250,46103699,c92b81b056da25065ed5bfecda8e1459dfbd440c936c51842ef99ffda5e031b1,c630e88aa0d6889a6ccd2fd5a00538112f8f545c01a5003483b09820aa8ae4c0,0f65dc9906a9c6b8c7aa2c072b9b3fecd2fa9aae85f564209fde72168cafbd5e,2d39e4020d2cac0a8372e170eb9ce92296741614,strict Python dispatch,0.3256110900110798,0.05288854999525938,7,1,9270901,1068508549,3
before,tbb,8,L,nastran,volume,998250,74110697,49f0c158ac0b9ae02bd4d9fd45f620057685c8adc7be7eefce7a5abcb0ce319e,e037c8315c16b92a7f8429ff28e25077029edd46cf32b311c3cc9768e64d2dfa,0f65dc9906a9c6b8c7aa2c072b9b3fecd2fa9aae85f564209fde72168cafbd5e,2d39e4020d2cac0a8372e170eb9ce92296741614,strict Python dispatch,0.8516618970024865,1.3319191580085317,7,1,26055382,2432190351,3
before,tbb,8,L,netgen,volume,998250,41575371,961156d22a672480a06d9856867faa06adcffa0db121c0589736ab133ab7c06c,8b6fc481559d29a4efc841639881a2e5d3ec38d417602803ad2d43b477c36843,0f65dc9906a9c6b8c7aa2c072b9b3fecd2fa9aae85f564209fde72168cafbd5e,2d39e4020d2cac0a8372e170eb9ce92296741614,strict Python dispatch,0.23332418700738344,0.3167245600052411,7,1,7394529,792157678,3
before,tbb,8,L,flac3d,volume,998250,51381665,33b914ed4a471ad68dd9cbcd4adfbef12bbe3f252916fa8b842fbf5f1a8bcea7,a0a59a1921dd6f85c256b291198b71f4648c243933a826c7b2a5fad2e1e7ede6,0f65dc9906a9c6b8c7aa2c072b9b3fecd2fa9aae85f564209fde72168cafbd5e,2d39e4020d2cac0a8372e170eb9ce92296741614,strict Python dispatch,0.2990634739981033,0.378138455998851,7,1,8568429,782706085,3
after,seq,1,M,abaqus,volume,257250,11266874,81120edc994cad7e521ddde6e6e53d93e863ed665691df000ab1140a60f97896,b4cbb145bd77b774e8a31abb8b3627beb62a1065f97960876429454f2adb7741,f30a041b30a53650da637d759e949835da1e9ec5506922807a17886a0cfe648a,2d39e4020d2cac0a8372e170eb9ce92296741614,strict Python dispatch,0.052097865991527215,0.03881458500109147,7,1,1613016,178633646,3
after,seq,1,M,nastran,volume,257250,19235617,a64e17cc57a3a4ddf2d53072f3d60394a10404f54b79e278268418b1e0cdae08,95ab000d0b099e02e91628d607b2c87ab7bc6d1e9c34deb6b02187dd809f35d4,f30a041b30a53650da637d759e949835da1e9ec5506922807a17886a0cfe648a,2d39e4020d2cac0a8372e170eb9ce92296741614,strict Python dispatch,0.19612821000919212,0.37455623199639376,7,1,6171676,437986015,3
after,seq,1,M,netgen,volume,257250,10197802,5bf924e5e76dfd406b0c99f311e2467dc31ce1789ea1c03941d1cf4907ffd3aa,14060bc4307eb6611ec20abe7332d3900a5d1018c78514cd42cdc318ee652539,f30a041b30a53650da637d759e949835da1e9ec5506922807a17886a0cfe648a,2d39e4020d2cac0a8372e170eb9ce92296741614,strict Python dispatch,0.03873487300006673,0.07379346500965767,7,1,1426326,131491096,3
after,seq,1,M,flac3d,volume,257250,12657537,21a2a3294c1fd14e9073d7bfd73e68f1fa8b08ae55a9a424f905d8391581214e,f275accc511fda3bfce57e20f17ed4328c7bfc6aa7958a648cf89590de905b42,f30a041b30a53650da637d759e949835da1e9ec5506922807a17886a0cfe648a,2d39e4020d2cac0a8372e170eb9ce92296741614,strict Python dispatch,0.04158652600017376,0.10475040599703789,7,1,818521,51327237,3
after,seq,1,L,abaqus,volume,998250,46103699,c92b81b056da25065ed5bfecda8e1459dfbd440c936c51842ef99ffda5e031b1,c630e88aa0d6889a6ccd2fd5a00538112f8f545c01a5003483b09820aa8ae4c0,f30a041b30a53650da637d759e949835da1e9ec5506922807a17886a0cfe648a,2d39e4020d2cac0a8372e170eb9ce92296741614,strict Python dispatch,0.19832005600619595,0.13801085500745103,7,1,6220739,657547999,3
after,seq,1,L,nastran,volume,998250,74110697,49f0c158ac0b9ae02bd4d9fd45f620057685c8adc7be7eefce7a5abcb0ce319e,e037c8315c16b92a7f8429ff28e25077029edd46cf32b311c3cc9768e64d2dfa,f30a041b30a53650da637d759e949835da1e9ec5506922807a17886a0cfe648a,2d39e4020d2cac0a8372e170eb9ce92296741614,strict Python dispatch,0.7230186050001066,1.385523043005378,7,1,23828820,1703386391,3
after,seq,1,L,netgen,volume,998250,41575371,961156d22a672480a06d9856867faa06adcffa0db121c0589736ab133ab7c06c,8b6fc481559d29a4efc841639881a2e5d3ec38d417602803ad2d43b477c36843,f30a041b30a53650da637d759e949835da1e9ec5506922807a17886a0cfe648a,2d39e4020d2cac0a8372e170eb9ce92296741614,strict Python dispatch,0.14136508498631883,0.29906191999907605,7,1,5518201,473771897,3
after,seq,1,L,flac3d,volume,998250,51381665,33b914ed4a471ad68dd9cbcd4adfbef12bbe3f252916fa8b842fbf5f1a8bcea7,a0a59a1921dd6f85c256b291198b71f4648c243933a826c7b2a5fad2e1e7ede6,f30a041b30a53650da637d759e949835da1e9ec5506922807a17886a0cfe648a,2d39e4020d2cac0a8372e170eb9ce92296741614,strict Python dispatch,0.1536461479990976,0.4054184760025237,7,1,3170489,201687829,3
after,openmp,1,M,abaqus,volume,257250,11266874,81120edc994cad7e521ddde6e6e53d93e863ed665691df000ab1140a60f97896,b4cbb145bd77b774e8a31abb8b3627beb62a1065f97960876429454f2adb7741,cd9c4c8f9e0287f856565b330a6fee850c1b63aa661c9feb5084183d00251cf6,2d39e4020d2cac0a8372e170eb9ce92296741614,strict Python dispatch,0.055952858994714916,0.03986188599083107,7,1,1613016,178633661,3
after,openmp,1,M,nastran,volume,257250,19235617,a64e17cc57a3a4ddf2d53072f3d60394a10404f54b79e278268418b1e0cdae08,95ab000d0b099e02e91628d607b2c87ab7bc6d1e9c34deb6b02187dd809f35d4,cd9c4c8f9e0287f856565b330a6fee850c1b63aa661c9feb5084183d00251cf6,2d39e4020d2cac0a8372e170eb9ce92296741614,strict Python dispatch,0.20739507699909154,0.39128716800769325,7,1,6171676,437986021,3
after,openmp,1,M,netgen,volume,257250,10197802,5bf924e5e76dfd406b0c99f311e2467dc31ce1789ea1c03941d1cf4907ffd3aa,14060bc4307eb6611ec20abe7332d3900a5d1018c78514cd42cdc318ee652539,cd9c4c8f9e0287f856565b330a6fee850c1b63aa661c9feb5084183d00251cf6,2d39e4020d2cac0a8372e170eb9ce92296741614,strict Python dispatch,0.04212954800459556,0.06738801900064573,7,1,1426326,131491111,3
after,openmp,1,M,flac3d,volume,257250,12657537,21a2a3294c1fd14e9073d7bfd73e68f1fa8b08ae55a9a424f905d8391581214e,f275accc511fda3bfce57e20f17ed4328c7bfc6aa7958a648cf89590de905b42,cd9c4c8f9e0287f856565b330a6fee850c1b63aa661c9feb5084183d00251cf6,2d39e4020d2cac0a8372e170eb9ce92296741614,strict Python dispatch,0.04803106701001525,0.09812605800107121,7,1,818521,51327246,3
after,openmp,1,L,abaqus,volume,998250,46103699,c92b81b056da25065ed5bfecda8e1459dfbd440c936c51842ef99ffda5e031b1,c630e88aa0d6889a6ccd2fd5a00538112f8f545c01a5003483b09820aa8ae4c0,cd9c4c8f9e0287f856565b330a6fee850c1b63aa661c9feb5084183d00251cf6,2d39e4020d2cac0a8372e170eb9ce92296741614,strict Python dispatch,0.210589614987839,0.14313841599505395,7,1,6220739,657548005,3
after,openmp,1,L,nastran,volume,998250,74110697,49f0c158ac0b9ae02bd4d9fd45f620057685c8adc7be7eefce7a5abcb0ce319e,e037c8315c16b92a7f8429ff28e25077029edd46cf32b311c3cc9768e64d2dfa,cd9c4c8f9e0287f856565b330a6fee850c1b63aa661c9feb5084183d00251cf6,2d39e4020d2cac0a8372e170eb9ce92296741614,strict Python dispatch,0.7714782140101306,1.3306445569905918,7,1,23828820,1703386397,3
after,openmp,1,L,netgen,volume,998250,41575371,961156d22a672480a06d9856867faa06adcffa0db121c0589736ab133ab7c06c,8b6fc481559d29a4efc841639881a2e5d3ec38d417602803ad2d43b477c36843,cd9c4c8f9e0287f856565b330a6fee850c1b63aa661c9feb5084183d00251cf6,2d39e4020d2cac0a8372e170eb9ce92296741614,strict Python dispatch,0.1535258390067611,0.29278550400340464,7,1,5518201,473771903,3
after,openmp,1,L,flac3d,volume,998250,51381665,33b914ed4a471ad68dd9cbcd4adfbef12bbe3f252916fa8b842fbf5f1a8bcea7,a0a59a1921dd6f85c256b291198b71f4648c243933a826c7b2a5fad2e1e7ede6,cd9c4c8f9e0287f856565b330a6fee850c1b63aa661c9feb5084183d00251cf6,2d39e4020d2cac0a8372e170eb9ce92296741614,strict Python dispatch,0.18635967999580316,0.37928415100032,7,1,3170489,201687838,3
after,openmp,4,M,abaqus,volume,257250,11266874,81120edc994cad7e521ddde6e6e53d93e863ed665691df000ab1140a60f97896,b4cbb145bd77b774e8a31abb8b3627beb62a1065f97960876429454f2adb7741,cd9c4c8f9e0287f856565b330a6fee850c1b63aa661c9feb5084183d00251cf6,2d39e4020d2cac0a8372e170eb9ce92296741614,strict Python dispatch,0.05576609399577137,0.023543780989712104,7,1,1613016,178633661,3
after,openmp,4,M,nastran,volume,257250,19235617,a64e17cc57a3a4ddf2d53072f3d60394a10404f54b79e278268418b1e0cdae08,95ab000d0b099e02e91628d607b2c87ab7bc6d1e9c34deb6b02187dd809f35d4,cd9c4c8f9e0287f856565b330a6fee850c1b63aa661c9feb5084183d00251cf6,2d39e4020d2cac0a8372e170eb9ce92296741614,strict Python dispatch,0.20986704000097234,0.3578301689994987,7,1,6171676,437986021,3
after,openmp,4,M,netgen,volume,257250,10197802,5bf924e5e76dfd406b0c99f311e2467dc31ce1789ea1c03941d1cf4907ffd3aa,14060bc4307eb6611ec20abe7332d3900a5d1018c78514cd42cdc318ee652539,cd9c4c8f9e0287f856565b330a6fee850c1b63aa661c9feb5084183d00251cf6,2d39e4020d2cac0a8372e170eb9ce92296741614,strict Python dispatch,0.040989589993841946,0.06978643599723,7,1,1426326,131491111,3
after,openmp,4,M,flac3d,volume,257250,12657537,21a2a3294c1fd14e9073d7bfd73e68f1fa8b08ae55a9a424f905d8391581214e,f275accc511fda3bfce57e20f17ed4328c7bfc6aa7958a648cf89590de905b42,cd9c4c8f9e0287f856565b330a6fee850c1b63aa661c9feb5084183d00251cf6,2d39e4020d2cac0a8372e170eb9ce92296741614,strict Python dispatch,0.048427779009216465,0.08731731599255,7,1,818521,51327246,3
after,openmp,4,L,abaqus,volume,998250,46103699,c92b81b056da25065ed5bfecda8e1459dfbd440c936c51842ef99ffda5e031b1,c630e88aa0d6889a6ccd2fd5a00538112f8f545c01a5003483b09820aa8ae4c0,cd9c4c8f9e0287f856565b330a6fee850c1b63aa661c9feb5084183d00251cf6,2d39e4020d2cac0a8372e170eb9ce92296741614,strict Python dispatch,0.20121196100080851,0.08663893998891581,7,1,6220739,657548005,3
after,openmp,4,L,nastran,volume,998250,74110697,49f0c158ac0b9ae02bd4d9fd45f620057685c8adc7be7eefce7a5abcb0ce319e,e037c8315c16b92a7f8429ff28e25077029edd46cf32b311c3cc9768e64d2dfa,cd9c4c8f9e0287f856565b330a6fee850c1b63aa661c9feb5084183d00251cf6,2d39e4020d2cac0a8372e170eb9ce92296741614,strict Python dispatch,0.7625315409968607,1.3389922530041076,7,1,23828820,1703386397,3
after,openmp,4,L,netgen,volume,998250,41575371,961156d22a672480a06d9856867faa06adcffa0db121c0589736ab133ab7c06c,8b6fc481559d29a4efc841639881a2e5d3ec38d417602803ad2d43b477c36843,cd9c4c8f9e0287f856565b330a6fee850c1b63aa661c9feb5084183d00251cf6,2d39e4020d2cac0a8372e170eb9ce92296741614,strict Python dispatch,0.15659162899828516,0.29622690498945303,7,1,5518201,473771903,3
after,openmp,4,L,flac3d,volume,998250,51381665,33b914ed4a471ad68dd9cbcd4adfbef12bbe3f252916fa8b842fbf5f1a8bcea7,a0a59a1921dd6f85c256b291198b71f4648c243933a826c7b2a5fad2e1e7ede6,cd9c4c8f9e0287f856565b330a6fee850c1b63aa661c9feb5084183d00251cf6,2d39e4020d2cac0a8372e170eb9ce92296741614,strict Python dispatch,0.18687193100049626,0.37473431100079324,7,1,3170489,201687838,3
after,openmp,8,M,abaqus,volume,257250,11266874,81120edc994cad7e521ddde6e6e53d93e863ed665691df000ab1140a60f97896,b4cbb145bd77b774e8a31abb8b3627beb62a1065f97960876429454f2adb7741,cd9c4c8f9e0287f856565b330a6fee850c1b63aa661c9feb5084183d00251cf6,2d39e4020d2cac0a8372e170eb9ce92296741614,strict Python dispatch,0.05671565199736506,0.01766125299036503,7,1,1613016,178633661,3
after,openmp,8,M,nastran,volume,257250,19235617,a64e17cc57a3a4ddf2d53072f3d60394a10404f54b79e278268418b1e0cdae08,95ab000d0b099e02e91628d607b2c87ab7bc6d1e9c34deb6b02187dd809f35d4,cd9c4c8f9e0287f856565b330a6fee850c1b63aa661c9feb5084183d00251cf6,2d39e4020d2cac0a8372e170eb9ce92296741614,strict Python dispatch,0.21061579399975017,0.3879472520056879,7,1,6171676,437986021,3
after,openmp,8,M,netgen,volume,257250,10197802,5bf924e5e76dfd406b0c99f311e2467dc31ce1789ea1c03941d1cf4907ffd3aa,14060bc4307eb6611ec20abe7332d3900a5d1018c78514cd42cdc318ee652539,cd9c4c8f9e0287f856565b330a6fee850c1b63aa661c9feb5084183d00251cf6,2d39e4020d2cac0a8372e170eb9ce92296741614,strict Python dispatch,0.04086731500865426,0.06817441199382301,7,1,1426326,131491111,3
after,openmp,8,M,flac3d,volume,257250,12657537,21a2a3294c1fd14e9073d7bfd73e68f1fa8b08ae55a9a424f905d8391581214e,f275accc511fda3bfce57e20f17ed4328c7bfc6aa7958a648cf89590de905b42,cd9c4c8f9e0287f856565b330a6fee850c1b63aa661c9feb5084183d00251cf6,2d39e4020d2cac0a8372e170eb9ce92296741614,strict Python dispatch,0.04772926200530492,0.08657384999969508,7,1,818521,51327246,3
after,openmp,8,L,abaqus,volume,998250,46103699,c92b81b056da25065ed5bfecda8e1459dfbd440c936c51842ef99ffda5e031b1,c630e88aa0d6889a6ccd2fd5a00538112f8f545c01a5003483b09820aa8ae4c0,cd9c4c8f9e0287f856565b330a6fee850c1b63aa661c9feb5084183d00251cf6,2d39e4020d2cac0a8372e170eb9ce92296741614,strict Python dispatch,0.20662262800033204,0.06270604200835805,7,1,6220739,657548005,3
after,openmp,8,L,nastran,volume,998250,74110697,49f0c158ac0b9ae02bd4d9fd45f620057685c8adc7be7eefce7a5abcb0ce319e,e037c8315c16b92a7f8429ff28e25077029edd46cf32b311c3cc9768e64d2dfa,cd9c4c8f9e0287f856565b330a6fee850c1b63aa661c9feb5084183d00251cf6,2d39e4020d2cac0a8372e170eb9ce92296741614,strict Python dispatch,0.7676717989961617,1.3230323139869142,7,1,23828820,1703386397,3
after,openmp,8,L,netgen,volume,998250,41575371,961156d22a672480a06d9856867faa06adcffa0db121c0589736ab133ab7c06c,8b6fc481559d29a4efc841639881a2e5d3ec38d417602803ad2d43b477c36843,cd9c4c8f9e0287f856565b330a6fee850c1b63aa661c9feb5084183d00251cf6,2d39e4020d2cac0a8372e170eb9ce92296741614,strict Python dispatch,0.15230304701253772,0.30000924100750126,7,1,5518201,473771903,3
after,openmp,8,L,flac3d,volume,998250,51381665,33b914ed4a471ad68dd9cbcd4adfbef12bbe3f252916fa8b842fbf5f1a8bcea7,a0a59a1921dd6f85c256b291198b71f4648c243933a826c7b2a5fad2e1e7ede6,cd9c4c8f9e0287f856565b330a6fee850c1b63aa661c9feb5084183d00251cf6,2d39e4020d2cac0a8372e170eb9ce92296741614,strict Python dispatch,0.19020012000692077,0.3321260109951254,7,1,3170489,201687838,3
after,tbb,1,M,abaqus,volume,257250,11266874,81120edc994cad7e521ddde6e6e53d93e863ed665691df000ab1140a60f97896,b4cbb145bd77b774e8a31abb8b3627beb62a1065f97960876429454f2adb7741,8ea11608489d027c5b4442914786657b5781d0dc2ffc5e1a783d4134383b77f8,2d39e4020d2cac0a8372e170eb9ce92296741614,strict Python dispatch,0.047707370002171956,0.03737893000652548,7,1,1613016,178633646,3
after,tbb,1,M,nastran,volume,257250,19235617,a64e17cc57a3a4ddf2d53072f3d60394a10404f54b79e278268418b1e0cdae08,95ab000d0b099e02e91628d607b2c87ab7bc6d1e9c34deb6b02187dd809f35d4,8ea11608489d027c5b4442914786657b5781d0dc2ffc5e1a783d4134383b77f8,2d39e4020d2cac0a8372e170eb9ce92296741614,strict Python dispatch,0.18340566100960132,0.39089777300250717,7,1,6171676,437986015,3
after,tbb,1,M,netgen,volume,257250,10197802,5bf924e5e76dfd406b0c99f311e2467dc31ce1789ea1c03941d1cf4907ffd3aa,14060bc4307eb6611ec20abe7332d3900a5d1018c78514cd42cdc318ee652539,8ea11608489d027c5b4442914786657b5781d0dc2ffc5e1a783d4134383b77f8,2d39e4020d2cac0a8372e170eb9ce92296741614,strict Python dispatch,0.0390596130018821,0.06752547901123762,7,1,1426326,131491096,3
after,tbb,1,M,flac3d,volume,257250,12657537,21a2a3294c1fd14e9073d7bfd73e68f1fa8b08ae55a9a424f905d8391581214e,f275accc511fda3bfce57e20f17ed4328c7bfc6aa7958a648cf89590de905b42,8ea11608489d027c5b4442914786657b5781d0dc2ffc5e1a783d4134383b77f8,2d39e4020d2cac0a8372e170eb9ce92296741614,strict Python dispatch,0.037908446000074036,0.09859480899467599,7,1,818521,51327237,3
after,tbb,1,L,abaqus,volume,998250,46103699,c92b81b056da25065ed5bfecda8e1459dfbd440c936c51842ef99ffda5e031b1,c630e88aa0d6889a6ccd2fd5a00538112f8f545c01a5003483b09820aa8ae4c0,8ea11608489d027c5b4442914786657b5781d0dc2ffc5e1a783d4134383b77f8,2d39e4020d2cac0a8372e170eb9ce92296741614,strict Python dispatch,0.17762155999662355,0.16031210700748488,7,1,6220739,657547999,3
after,tbb,1,L,nastran,volume,998250,74110697,49f0c158ac0b9ae02bd4d9fd45f620057685c8adc7be7eefce7a5abcb0ce319e,e037c8315c16b92a7f8429ff28e25077029edd46cf32b311c3cc9768e64d2dfa,8ea11608489d027c5b4442914786657b5781d0dc2ffc5e1a783d4134383b77f8,2d39e4020d2cac0a8372e170eb9ce92296741614,strict Python dispatch,0.6815837530011777,1.3424988820042927,7,1,23828820,1703386391,3
after,tbb,1,L,netgen,volume,998250,41575371,961156d22a672480a06d9856867faa06adcffa0db121c0589736ab133ab7c06c,8b6fc481559d29a4efc841639881a2e5d3ec38d417602803ad2d43b477c36843,8ea11608489d027c5b4442914786657b5781d0dc2ffc5e1a783d4134383b77f8,2d39e4020d2cac0a8372e170eb9ce92296741614,strict Python dispatch,0.1393384110124316,0.2998587430047337,7,1,5518201,473771897,3
after,tbb,1,L,flac3d,volume,998250,51381665,33b914ed4a471ad68dd9cbcd4adfbef12bbe3f252916fa8b842fbf5f1a8bcea7,a0a59a1921dd6f85c256b291198b71f4648c243933a826c7b2a5fad2e1e7ede6,8ea11608489d027c5b4442914786657b5781d0dc2ffc5e1a783d4134383b77f8,2d39e4020d2cac0a8372e170eb9ce92296741614,strict Python dispatch,0.14735093800118193,0.4122634599916637,7,1,3170489,201687829,3
after,tbb,4,M,abaqus,volume,257250,11266874,81120edc994cad7e521ddde6e6e53d93e863ed665691df000ab1140a60f97896,b4cbb145bd77b774e8a31abb8b3627beb62a1065f97960876429454f2adb7741,8ea11608489d027c5b4442914786657b5781d0dc2ffc5e1a783d4134383b77f8,2d39e4020d2cac0a8372e170eb9ce92296741614,strict Python dispatch,0.0479822359920945,0.017381843004841357,7,1,1613016,178633646,3
after,tbb,4,M,nastran,volume,257250,19235617,a64e17cc57a3a4ddf2d53072f3d60394a10404f54b79e278268418b1e0cdae08,95ab000d0b099e02e91628d607b2c87ab7bc6d1e9c34deb6b02187dd809f35d4,8ea11608489d027c5b4442914786657b5781d0dc2ffc5e1a783d4134383b77f8,2d39e4020d2cac0a8372e170eb9ce92296741614,strict Python dispatch,0.19668283099599648,0.3955853850056883,7,1,6171676,437986015,3
after,tbb,4,M,netgen,volume,257250,10197802,5bf924e5e76dfd406b0c99f311e2467dc31ce1789ea1c03941d1cf4907ffd3aa,14060bc4307eb6611ec20abe7332d3900a5d1018c78514cd42cdc318ee652539,8ea11608489d027c5b4442914786657b5781d0dc2ffc5e1a783d4134383b77f8,2d39e4020d2cac0a8372e170eb9ce92296741614,strict Python dispatch,0.040298623993294314,0.06906798400450498,7,1,1426326,131491096,3
after,tbb,4,M,flac3d,volume,257250,12657537,21a2a3294c1fd14e9073d7bfd73e68f1fa8b08ae55a9a424f905d8391581214e,f275accc511fda3bfce57e20f17ed4328c7bfc6aa7958a648cf89590de905b42,8ea11608489d027c5b4442914786657b5781d0dc2ffc5e1a783d4134383b77f8,2d39e4020d2cac0a8372e170eb9ce92296741614,strict Python dispatch,0.040786436991766095,0.0926012520067161,7,1,818521,51327237,3
after,tbb,4,L,abaqus,volume,998250,46103699,c92b81b056da25065ed5bfecda8e1459dfbd440c936c51842ef99ffda5e031b1,c630e88aa0d6889a6ccd2fd5a00538112f8f545c01a5003483b09820aa8ae4c0,8ea11608489d027c5b4442914786657b5781d0dc2ffc5e1a783d4134383b77f8,2d39e4020d2cac0a8372e170eb9ce92296741614,strict Python dispatch,0.1941571780043887,0.06702133000362664,7,1,6220739,657547999,3
after,tbb,4,L,nastran,volume,998250,74110697,49f0c158ac0b9ae02bd4d9fd45f620057685c8adc7be7eefce7a5abcb0ce319e,e037c8315c16b92a7f8429ff28e25077029edd46cf32b311c3cc9768e64d2dfa,8ea11608489d027c5b4442914786657b5781d0dc2ffc5e1a783d4134383b77f8,2d39e4020d2cac0a8372e170eb9ce92296741614,strict Python dispatch,0.6704904639918823,1.336334278996219,7,1,23828820,1703386391,3
after,tbb,4,L,netgen,volume,998250,41575371,961156d22a672480a06d9856867faa06adcffa0db121c0589736ab133ab7c06c,8b6fc481559d29a4efc841639881a2e5d3ec38d417602803ad2d43b477c36843,8ea11608489d027c5b4442914786657b5781d0dc2ffc5e1a783d4134383b77f8,2d39e4020d2cac0a8372e170eb9ce92296741614,strict Python dispatch,0.14319859399984125,0.29992596499505453,7,1,5518201,473771897,3
after,tbb,4,L,flac3d,volume,998250,51381665,33b914ed4a471ad68dd9cbcd4adfbef12bbe3f252916fa8b842fbf5f1a8bcea7,a0a59a1921dd6f85c256b291198b71f4648c243933a826c7b2a5fad2e1e7ede6,8ea11608489d027c5b4442914786657b5781d0dc2ffc5e1a783d4134383b77f8,2d39e4020d2cac0a8372e170eb9ce92296741614,strict Python dispatch,0.15005084800941404,0.3396408020053059,7,1,3170489,201687829,3
after,tbb,8,M,abaqus,volume,257250,11266874,81120edc994cad7e521ddde6e6e53d93e863ed665691df000ab1140a60f97896,b4cbb145bd77b774e8a31abb8b3627beb62a1065f97960876429454f2adb7741,8ea11608489d027c5b4442914786657b5781d0dc2ffc5e1a783d4134383b77f8,2d39e4020d2cac0a8372e170eb9ce92296741614,strict Python dispatch,0.048344223003368825,0.015435635999892838,7,1,1613016,178633646,3
after,tbb,8,M,nastran,volume,257250,19235617,a64e17cc57a3a4ddf2d53072f3d60394a10404f54b79e278268418b1e0cdae08,95ab000d0b099e02e91628d607b2c87ab7bc6d1e9c34deb6b02187dd809f35d4,8ea11608489d027c5b4442914786657b5781d0dc2ffc5e1a783d4134383b77f8,2d39e4020d2cac0a8372e170eb9ce92296741614,strict Python dispatch,0.18138226500013843,0.4098799439962022,7,1,6171676,437986015,3
after,tbb,8,M,netgen,volume,257250,10197802,5bf924e5e76dfd406b0c99f311e2467dc31ce1789ea1c03941d1cf4907ffd3aa,14060bc4307eb6611ec20abe7332d3900a5d1018c78514cd42cdc318ee652539,8ea11608489d027c5b4442914786657b5781d0dc2ffc5e1a783d4134383b77f8,2d39e4020d2cac0a8372e170eb9ce92296741614,strict Python dispatch,0.03919636599312071,0.06878823800070677,7,1,1426326,131491096,3
after,tbb,8,M,flac3d,volume,257250,12657537,21a2a3294c1fd14e9073d7bfd73e68f1fa8b08ae55a9a424f905d8391581214e,f275accc511fda3bfce57e20f17ed4328c7bfc6aa7958a648cf89590de905b42,8ea11608489d027c5b4442914786657b5781d0dc2ffc5e1a783d4134383b77f8,2d39e4020d2cac0a8372e170eb9ce92296741614,strict Python dispatch,0.04001002199947834,0.0886865459906403,7,1,818521,51327237,3
after,tbb,8,L,abaqus,volume,998250,46103699,c92b81b056da25065ed5bfecda8e1459dfbd440c936c51842ef99ffda5e031b1,c630e88aa0d6889a6ccd2fd5a00538112f8f545c01a5003483b09820aa8ae4c0,8ea11608489d027c5b4442914786657b5781d0dc2ffc5e1a783d4134383b77f8,2d39e4020d2cac0a8372e170eb9ce92296741614,strict Python dispatch,0.17582909799239133,0.051760129994363524,7,1,6220739,657547999,3
after,tbb,8,L,nastran,volume,998250,74110697,49f0c158ac0b9ae02bd4d9fd45f620057685c8adc7be7eefce7a5abcb0ce319e,e037c8315c16b92a7f8429ff28e25077029edd46cf32b311c3cc9768e64d2dfa,8ea11608489d027c5b4442914786657b5781d0dc2ffc5e1a783d4134383b77f8,2d39e4020d2cac0a8372e170eb9ce92296741614,strict Python dispatch,0.6679488430090714,1.3890429510065587,7,1,23828820,1703386391,3
after,tbb,8,L,netgen,volume,998250,41575371,961156d22a672480a06d9856867faa06adcffa0db121c0589736ab133ab7c06c,8b6fc481559d29a4efc841639881a2e5d3ec38d417602803ad2d43b477c36843,8ea11608489d027c5b4442914786657b5781d0dc2ffc5e1a783d4134383b77f8,2d39e4020d2cac0a8372e170eb9ce92296741614,strict Python dispatch,0.13862683600746095,0.30556683499889914,7,1,5518201,473771897,3
after,tbb,8,L,flac3d,volume,998250,51381665,33b914ed4a471ad68dd9cbcd4adfbef12bbe3f252916fa8b842fbf5f1a8bcea7,a0a59a1921dd6f85c256b291198b71f4648c243933a826c7b2a5fad2e1e7ede6,8ea11608489d027c5b4442914786657b5781d0dc2ffc5e1a783d4134383b77f8,2d39e4020d2cac0a8372e170eb9ce92296741614,strict Python dispatch,0.14907244200003333,0.3628456470032688,7,1,3170489,201687829,3
