round,stage,backend,threads,size,format,input,cells,bytes,file_sha256,mesh_sha256,module_sha256,source_commit,reader,input_dtypes,read_s,write_s,timing_repeats,timing_warmup
1,before,seq,1,M,avsucd,volume,257250,12106603,cd19a075abf1ee593460210ffff09203bbe530733f9b586aebe0600e6cb8f5aa,94827e31d9f5aec4d71401b4496a653a33312819e614bb29fcac9dc6f4ae7cf2,a90855efdb6d9dd1706eddc9bf335b93c8ab387fd24d7cf1223e8a642a9e081c,d545e00,strict Python dispatch,float64-int64,0.08515506599997025,0.1453265889999784,7,1
1,before,seq,1,M,dolfin-xml,volume,257250,25151960,96e11547c69dc58442b5d36ef1a9e4da65ed0c9d253b9a74ff3e3ca9e0f6c62b,10abc12dd13ca22319e89dd1b9ad612dfa83fddc80cf1117e9ac35838c35aaa9,a90855efdb6d9dd1706eddc9bf335b93c8ab387fd24d7cf1223e8a642a9e081c,d545e00,strict Python dispatch,float64-int64,0.2112859940002636,0.24056035000012344,7,1
1,before,seq,1,M,freefem,volume,257250,9776165,9b9700ba52fb9ba0b4256df086b96d619895fb291b76836465ac17057534959b,7404d7c849e1e32f786ff0c64cc7637572a9035ae38abb3a5983310914699e05,a90855efdb6d9dd1706eddc9bf335b93c8ab387fd24d7cf1223e8a642a9e081c,d545e00,strict Python dispatch,float64-int64,0.06568342399987159,0.11979618600025788,7,1
1,before,seq,1,M,obj,surface,14700,558729,e453315fa2fabf69631e1cf07c95ee15e55400b596e496fff3ab72f3fa848c53,2b33661419d6793969ae45308b69945414cab6f6a7a5d9af2ebbc1f836a3be69,a90855efdb6d9dd1706eddc9bf335b93c8ab387fd24d7cf1223e8a642a9e081c,d545e00,strict Python dispatch,float64-int64,0.005059511999661481,0.00815701600004104,7,1
1,before,seq,1,M,ply,surface,14700,367766,eab42b2a40b34df3d9722eec2a85ab37c9ba62cf99035729b3fe8076da801495,4040e64f53d248a2407ae664acdd5a587436ca7c2f7376c9d869cfc14bfc7233,a90855efdb6d9dd1706eddc9bf335b93c8ab387fd24d7cf1223e8a642a9e081c,d545e00,strict Python dispatch,float64-int64,0.004013783000118565,0.002209250999840151,7,1
1,before,seq,1,M,stl,surface,14700,2932560,946d484393fb8526a753c9478816d2f37a2d0626bb77020c54b92c573bfb6e4c,28d5a76ab123741b67c3e93920fe883b97be8c774674313a9fd68d1725460f62,a90855efdb6d9dd1706eddc9bf335b93c8ab387fd24d7cf1223e8a642a9e081c,d545e00,strict Python dispatch,float64-int64,0.022934921000342,0.04730789899986121,7,1
1,before,seq,1,M,tetgen,volume,257250,11126833,4697eb8936d22a0d9aa087100c8e43e21883264f86ead67f9767e5096e57759b,10abc12dd13ca22319e89dd1b9ad612dfa83fddc80cf1117e9ac35838c35aaa9,a90855efdb6d9dd1706eddc9bf335b93c8ab387fd24d7cf1223e8a642a9e081c,d545e00,strict Python dispatch,float64-int64,0.11068374899969058,0.12503291400025773,7,1
1,before,seq,1,M,ugrid,volume,257250,8313001,1e466f8323a66efe72f0e54bf3033cc09c5787d20b6ee54d73c20713bc4b4e60,d0efdb66bb810cc6e92c88e092382f4e21c85a9545cf8c1f8efd34318b4ee2b3,a90855efdb6d9dd1706eddc9bf335b93c8ab387fd24d7cf1223e8a642a9e081c,d545e00,strict Python dispatch,float64-int64,0.05915745700031039,0.0960706159999063,7,1
1,before,seq,1,M,wkt,surface,14700,2523364,b2bf61bc5ab2fec1089944516b3f6fb30c1e99233258f0f6841ef217607bed69,71cf0b5d2c84403797716bd71a941978ef0fb741232059aba4a685da8bd23ef6,a90855efdb6d9dd1706eddc9bf335b93c8ab387fd24d7cf1223e8a642a9e081c,d545e00,strict Python dispatch,float64-int64,0.025227974000245013,0.04450130300028832,7,1
1,before,seq,1,L,avsucd,volume,998250,49675301,0aff6d7f5291f0bde4b734d64a0f1b1bae2c3b880420a2a4f0fcea958fd8630b,f8c45fef3232c0304e20d8d2cb2bd9850f2e6cbcdf9f16aabbdcc77e3d49a924,a90855efdb6d9dd1706eddc9bf335b93c8ab387fd24d7cf1223e8a642a9e081c,d545e00,strict Python dispatch,float64-int64,0.33732800400002816,0.5686309060001804,7,1
1,before,seq,1,L,dolfin-xml,volume,998250,100096153,186de371098bdc88527485457e234df02f5aa2c4c7f16f84f7f9455c6342b1b1,a6c1ab90618909845d63861225b578fa46d8de677758f5e8215762e030f0315f,a90855efdb6d9dd1706eddc9bf335b93c8ab387fd24d7cf1223e8a642a9e081c,d545e00,strict Python dispatch,float64-int64,0.8367883700002494,0.9377472959999977,7,1
1,before,seq,1,L,freefem,volume,998250,39929654,2d0cedf3274ade3055070b1a6a0cd93e54e10b18731bf80aea32c6040fa16bdf,ba0137684e2601655ef5180af6ef495f53f6189174b7d34024de9fe16fb4f9da,a90855efdb6d9dd1706eddc9bf335b93c8ab387fd24d7cf1223e8a642a9e081c,d545e00,strict Python dispatch,float64-int64,0.26526696100017944,0.4689225309998619,7,1
1,before,seq,1,L,obj,surface,36300,1448121,693740e2b913119d08ff5a178dec0ee3a50eb1f5f1169b14eb661e9c67523c75,f3d9f0eed12bea5502c0f7b799b3f678796b3c3f96a20228c5aff154afb5c501,a90855efdb6d9dd1706eddc9bf335b93c8ab387fd24d7cf1223e8a642a9e081c,d545e00,strict Python dispatch,float64-int64,0.012631984000108787,0.01970997400030683,7,1
1,before,seq,1,L,ply,surface,36300,907767,a33ec1545fe06392d365a0ed8e935fbd435e2773c99a419f8fecccc33cfa7009,b0e9714e47b7e3e948d39b311cdb707004c32406041d20412b1b9429fa1aa77e,a90855efdb6d9dd1706eddc9bf335b93c8ab387fd24d7cf1223e8a642a9e081c,d545e00,strict Python dispatch,float64-int64,0.00962329599997247,0.0048191360001510475,7,1
1,before,seq,1,L,stl,surface,36300,7300440,2f650d1b891026d21ad94bb81e9145e487904afbabf6798b217f5e8409652456,820acf027133476eb82fc96d28582b877d8ef82e76087043fd23a63b7ebe33d1,a90855efdb6d9dd1706eddc9bf335b93c8ab387fd24d7cf1223e8a642a9e081c,d545e00,strict Python dispatch,float64-int64,0.06044404999965991,0.12958724700001767,7,1
1,before,seq,1,L,tetgen,volume,998250,45576754,9e936c64e9ff8983d8435166b564cb0609371307e6fe0742e3f4e68dd2265177,a6c1ab90618909845d63861225b578fa46d8de677758f5e8215762e030f0315f,a90855efdb6d9dd1706eddc9bf335b93c8ab387fd24d7cf1223e8a642a9e081c,d545e00,strict Python dispatch,float64-int64,0.5181403390001833,0.48000212399983866,7,1
1,before,seq,1,L,ugrid,volume,998250,34768938,978eb93153230c8b19ad6f9d3d24615043c0a5342079bcea711f10c074166fbe,129481a01eb0d22479cdd75f89e5f6a552998399948bbf6e955ae32381403a5d,a90855efdb6d9dd1706eddc9bf335b93c8ab387fd24d7cf1223e8a642a9e081c,d545e00,strict Python dispatch,float64-int64,0.2376326059998064,0.37735816400027034,7,1
1,before,seq,1,L,wkt,surface,36300,6309604,91a4f07c33bc76b3af356cbb415b74289814fca0618c85fcea16117624612dbe,de3cc0c8ccef95af41ebd60ffbe07ffdd3fe2cb0bb3bd04cde519486188f5660,a90855efdb6d9dd1706eddc9bf335b93c8ab387fd24d7cf1223e8a642a9e081c,d545e00,strict Python dispatch,float64-int64,0.05975146600030712,0.1077491339997323,7,1
1,after,seq,1,M,avsucd,volume,257250,12106603,cd19a075abf1ee593460210ffff09203bbe530733f9b586aebe0600e6cb8f5aa,94827e31d9f5aec4d71401b4496a653a33312819e614bb29fcac9dc6f4ae7cf2,1291f1349be67f38e983f1d9de9ccceb6a7be197c69c4c3cd36a229a83270edd,d545e00+hoist-diff,strict Python dispatch,float64-int64,0.08723203999988982,0.14351202899979398,7,1
1,after,seq,1,M,dolfin-xml,volume,257250,25151960,96e11547c69dc58442b5d36ef1a9e4da65ed0c9d253b9a74ff3e3ca9e0f6c62b,10abc12dd13ca22319e89dd1b9ad612dfa83fddc80cf1117e9ac35838c35aaa9,1291f1349be67f38e983f1d9de9ccceb6a7be197c69c4c3cd36a229a83270edd,d545e00+hoist-diff,strict Python dispatch,float64-int64,0.20921698100028152,0.23958253499995408,7,1
1,after,seq,1,M,freefem,volume,257250,9776165,9b9700ba52fb9ba0b4256df086b96d619895fb291b76836465ac17057534959b,7404d7c849e1e32f786ff0c64cc7637572a9035ae38abb3a5983310914699e05,1291f1349be67f38e983f1d9de9ccceb6a7be197c69c4c3cd36a229a83270edd,d545e00+hoist-diff,strict Python dispatch,float64-int64,0.06425522199970146,0.12216762299976835,7,1
1,after,seq,1,M,obj,surface,14700,558729,e453315fa2fabf69631e1cf07c95ee15e55400b596e496fff3ab72f3fa848c53,2b33661419d6793969ae45308b69945414cab6f6a7a5d9af2ebbc1f836a3be69,1291f1349be67f38e983f1d9de9ccceb6a7be197c69c4c3cd36a229a83270edd,d545e00+hoist-diff,strict Python dispatch,float64-int64,0.005226200999913999,0.008297169999877951,7,1
1,after,seq,1,M,ply,surface,14700,367766,eab42b2a40b34df3d9722eec2a85ab37c9ba62cf99035729b3fe8076da801495,4040e64f53d248a2407ae664acdd5a587436ca7c2f7376c9d869cfc14bfc7233,1291f1349be67f38e983f1d9de9ccceb6a7be197c69c4c3cd36a229a83270edd,d545e00+hoist-diff,strict Python dispatch,float64-int64,0.003946434000226873,0.0021592110001620313,7,1
1,after,seq,1,M,stl,surface,14700,2932560,946d484393fb8526a753c9478816d2f37a2d0626bb77020c54b92c573bfb6e4c,28d5a76ab123741b67c3e93920fe883b97be8c774674313a9fd68d1725460f62,1291f1349be67f38e983f1d9de9ccceb6a7be197c69c4c3cd36a229a83270edd,d545e00+hoist-diff,strict Python dispatch,float64-int64,0.023017716000140354,0.04983687900039513,7,1
1,after,seq,1,M,tetgen,volume,257250,11126833,4697eb8936d22a0d9aa087100c8e43e21883264f86ead67f9767e5096e57759b,10abc12dd13ca22319e89dd1b9ad612dfa83fddc80cf1117e9ac35838c35aaa9,1291f1349be67f38e983f1d9de9ccceb6a7be197c69c4c3cd36a229a83270edd,d545e00+hoist-diff,strict Python dispatch,float64-int64,0.11620212899970284,0.12204244199983805,7,1
1,after,seq,1,M,ugrid,volume,257250,8313001,1e466f8323a66efe72f0e54bf3033cc09c5787d20b6ee54d73c20713bc4b4e60,d0efdb66bb810cc6e92c88e092382f4e21c85a9545cf8c1f8efd34318b4ee2b3,1291f1349be67f38e983f1d9de9ccceb6a7be197c69c4c3cd36a229a83270edd,d545e00+hoist-diff,strict Python dispatch,float64-int64,0.059423433000119985,0.09628099700012172,7,1
1,after,seq,1,M,wkt,surface,14700,2523364,b2bf61bc5ab2fec1089944516b3f6fb30c1e99233258f0f6841ef217607bed69,71cf0b5d2c84403797716bd71a941978ef0fb741232059aba4a685da8bd23ef6,1291f1349be67f38e983f1d9de9ccceb6a7be197c69c4c3cd36a229a83270edd,d545e00+hoist-diff,strict Python dispatch,float64-int64,0.023491565999847808,0.042758344000048965,7,1
1,after,seq,1,L,avsucd,volume,998250,49675301,0aff6d7f5291f0bde4b734d64a0f1b1bae2c3b880420a2a4f0fcea958fd8630b,f8c45fef3232c0304e20d8d2cb2bd9850f2e6cbcdf9f16aabbdcc77e3d49a924,1291f1349be67f38e983f1d9de9ccceb6a7be197c69c4c3cd36a229a83270edd,d545e00+hoist-diff,strict Python dispatch,float64-int64,0.3347692070001358,0.5543451520002236,7,1
1,after,seq,1,L,dolfin-xml,volume,998250,100096153,186de371098bdc88527485457e234df02f5aa2c4c7f16f84f7f9455c6342b1b1,a6c1ab90618909845d63861225b578fa46d8de677758f5e8215762e030f0315f,1291f1349be67f38e983f1d9de9ccceb6a7be197c69c4c3cd36a229a83270edd,d545e00+hoist-diff,strict Python dispatch,float64-int64,0.8197891059999165,0.9345386079999116,7,1
1,after,seq,1,L,freefem,volume,998250,39929654,2d0cedf3274ade3055070b1a6a0cd93e54e10b18731bf80aea32c6040fa16bdf,ba0137684e2601655ef5180af6ef495f53f6189174b7d34024de9fe16fb4f9da,1291f1349be67f38e983f1d9de9ccceb6a7be197c69c4c3cd36a229a83270edd,d545e00+hoist-diff,strict Python dispatch,float64-int64,0.25628767000034713,0.4764832129999377,7,1
1,after,seq,1,L,obj,surface,36300,1448121,693740e2b913119d08ff5a178dec0ee3a50eb1f5f1169b14eb661e9c67523c75,f3d9f0eed12bea5502c0f7b799b3f678796b3c3f96a20228c5aff154afb5c501,1291f1349be67f38e983f1d9de9ccceb6a7be197c69c4c3cd36a229a83270edd,d545e00+hoist-diff,strict Python dispatch,float64-int64,0.01361780900060694,0.02057568199961679,7,1
1,after,seq,1,L,ply,surface,36300,907767,a33ec1545fe06392d365a0ed8e935fbd435e2773c99a419f8fecccc33cfa7009,b0e9714e47b7e3e948d39b311cdb707004c32406041d20412b1b9429fa1aa77e,1291f1349be67f38e983f1d9de9ccceb6a7be197c69c4c3cd36a229a83270edd,d545e00+hoist-diff,strict Python dispatch,float64-int64,0.009850241000094684,0.005293373000313295,7,1
1,after,seq,1,L,stl,surface,36300,7300440,2f650d1b891026d21ad94bb81e9145e487904afbabf6798b217f5e8409652456,820acf027133476eb82fc96d28582b877d8ef82e76087043fd23a63b7ebe33d1,1291f1349be67f38e983f1d9de9ccceb6a7be197c69c4c3cd36a229a83270edd,d545e00+hoist-diff,strict Python dispatch,float64-int64,0.057931317999646126,0.12000194500069483,7,1
1,after,seq,1,L,tetgen,volume,998250,45576754,9e936c64e9ff8983d8435166b564cb0609371307e6fe0742e3f4e68dd2265177,a6c1ab90618909845d63861225b578fa46d8de677758f5e8215762e030f0315f,1291f1349be67f38e983f1d9de9ccceb6a7be197c69c4c3cd36a229a83270edd,d545e00+hoist-diff,strict Python dispatch,float64-int64,0.5182149820002451,0.47344693299965,7,1
1,after,seq,1,L,ugrid,volume,998250,34768938,978eb93153230c8b19ad6f9d3d24615043c0a5342079bcea711f10c074166fbe,129481a01eb0d22479cdd75f89e5f6a552998399948bbf6e955ae32381403a5d,1291f1349be67f38e983f1d9de9ccceb6a7be197c69c4c3cd36a229a83270edd,d545e00+hoist-diff,strict Python dispatch,float64-int64,0.2389960999998948,0.36246386200036795,7,1
1,after,seq,1,L,wkt,surface,36300,6309604,91a4f07c33bc76b3af356cbb415b74289814fca0618c85fcea16117624612dbe,de3cc0c8ccef95af41ebd60ffbe07ffdd3fe2cb0bb3bd04cde519486188f5660,1291f1349be67f38e983f1d9de9ccceb6a7be197c69c4c3cd36a229a83270edd,d545e00+hoist-diff,strict Python dispatch,float64-int64,0.060754357000405435,0.10944768099943758,7,1
2,after,seq,1,M,avsucd,volume,257250,12106603,cd19a075abf1ee593460210ffff09203bbe530733f9b586aebe0600e6cb8f5aa,94827e31d9f5aec4d71401b4496a653a33312819e614bb29fcac9dc6f4ae7cf2,1291f1349be67f38e983f1d9de9ccceb6a7be197c69c4c3cd36a229a83270edd,d545e00+hoist-diff,strict Python dispatch,float64-int64,0.08766039700003603,0.1482741680001709,7,1
2,after,seq,1,M,dolfin-xml,volume,257250,25151960,96e11547c69dc58442b5d36ef1a9e4da65ed0c9d253b9a74ff3e3ca9e0f6c62b,10abc12dd13ca22319e89dd1b9ad612dfa83fddc80cf1117e9ac35838c35aaa9,1291f1349be67f38e983f1d9de9ccceb6a7be197c69c4c3cd36a229a83270edd,d545e00+hoist-diff,strict Python dispatch,float64-int64,0.20576429799984908,0.23500696800056176,7,1
2,after,seq,1,M,freefem,volume,257250,9776165,9b9700ba52fb9ba0b4256df086b96d619895fb291b76836465ac17057534959b,7404d7c849e1e32f786ff0c64cc7637572a9035ae38abb3a5983310914699e05,1291f1349be67f38e983f1d9de9ccceb6a7be197c69c4c3cd36a229a83270edd,d545e00+hoist-diff,strict Python dispatch,float64-int64,0.06502650200036442,0.11767651800073509,7,1
2,after,seq,1,M,obj,surface,14700,558729,e453315fa2fabf69631e1cf07c95ee15e55400b596e496fff3ab72f3fa848c53,2b33661419d6793969ae45308b69945414cab6f6a7a5d9af2ebbc1f836a3be69,1291f1349be67f38e983f1d9de9ccceb6a7be197c69c4c3cd36a229a83270edd,d545e00+hoist-diff,strict Python dispatch,float64-int64,0.005290193000291765,0.007967154999278137,7,1
2,after,seq,1,M,ply,surface,14700,367766,eab42b2a40b34df3d9722eec2a85ab37c9ba62cf99035729b3fe8076da801495,4040e64f53d248a2407ae664acdd5a587436ca7c2f7376c9d869cfc14bfc7233,1291f1349be67f38e983f1d9de9ccceb6a7be197c69c4c3cd36a229a83270edd,d545e00+hoist-diff,strict Python dispatch,float64-int64,0.003943588999391068,0.0021012929992139107,7,1
2,after,seq,1,M,stl,surface,14700,2932560,946d484393fb8526a753c9478816d2f37a2d0626bb77020c54b92c573bfb6e4c,28d5a76ab123741b67c3e93920fe883b97be8c774674313a9fd68d1725460f62,1291f1349be67f38e983f1d9de9ccceb6a7be197c69c4c3cd36a229a83270edd,d545e00+hoist-diff,strict Python dispatch,float64-int64,0.022806316000242077,0.047654473999500624,7,1
2,after,seq,1,M,tetgen,volume,257250,11126833,4697eb8936d22a0d9aa087100c8e43e21883264f86ead67f9767e5096e57759b,10abc12dd13ca22319e89dd1b9ad612dfa83fddc80cf1117e9ac35838c35aaa9,1291f1349be67f38e983f1d9de9ccceb6a7be197c69c4c3cd36a229a83270edd,d545e00+hoist-diff,strict Python dispatch,float64-int64,0.11465722800039657,0.1186854809993747,7,1
2,after,seq,1,M,ugrid,volume,257250,8313001,1e466f8323a66efe72f0e54bf3033cc09c5787d20b6ee54d73c20713bc4b4e60,d0efdb66bb810cc6e92c88e092382f4e21c85a9545cf8c1f8efd34318b4ee2b3,1291f1349be67f38e983f1d9de9ccceb6a7be197c69c4c3cd36a229a83270edd,d545e00+hoist-diff,strict Python dispatch,float64-int64,0.060247676000471984,0.09571935499934625,7,1
2,after,seq,1,M,wkt,surface,14700,2523364,b2bf61bc5ab2fec1089944516b3f6fb30c1e99233258f0f6841ef217607bed69,71cf0b5d2c84403797716bd71a941978ef0fb741232059aba4a685da8bd23ef6,1291f1349be67f38e983f1d9de9ccceb6a7be197c69c4c3cd36a229a83270edd,d545e00+hoist-diff,strict Python dispatch,float64-int64,0.02320855699963431,0.04332460100067692,7,1
2,after,seq,1,L,avsucd,volume,998250,49675301,0aff6d7f5291f0bde4b734d64a0f1b1bae2c3b880420a2a4f0fcea958fd8630b,f8c45fef3232c0304e20d8d2cb2bd9850f2e6cbcdf9f16aabbdcc77e3d49a924,1291f1349be67f38e983f1d9de9ccceb6a7be197c69c4c3cd36a229a83270edd,d545e00+hoist-diff,strict Python dispatch,float64-int64,0.33580649600025936,0.53913045399986,7,1
2,after,seq,1,L,dolfin-xml,volume,998250,100096153,186de371098bdc88527485457e234df02f5aa2c4c7f16f84f7f9455c6342b1b1,a6c1ab90618909845d63861225b578fa46d8de677758f5e8215762e030f0315f,1291f1349be67f38e983f1d9de9ccceb6a7be197c69c4c3cd36a229a83270edd,d545e00+hoist-diff,strict Python dispatch,float64-int64,0.8037008920000517,0.9368743880004331,7,1
2,after,seq,1,L,freefem,volume,998250,39929654,2d0cedf3274ade3055070b1a6a0cd93e54e10b18731bf80aea32c6040fa16bdf,ba0137684e2601655ef5180af6ef495f53f6189174b7d34024de9fe16fb4f9da,1291f1349be67f38e983f1d9de9ccceb6a7be197c69c4c3cd36a229a83270edd,d545e00+hoist-diff,strict Python dispatch,float64-int64,0.2546010810001462,0.4671484730006341,7,1
2,after,seq,1,L,obj,surface,36300,1448121,693740e2b913119d08ff5a178dec0ee3a50eb1f5f1169b14eb661e9c67523c75,f3d9f0eed12bea5502c0f7b799b3f678796b3c3f96a20228c5aff154afb5c501,1291f1349be67f38e983f1d9de9ccceb6a7be197c69c4c3cd36a229a83270edd,d545e00+hoist-diff,strict Python dispatch,float64-int64,0.013095518999762135,0.019710923000275216,7,1
2,after,seq,1,L,ply,surface,36300,907767,a33ec1545fe06392d365a0ed8e935fbd435e2773c99a419f8fecccc33cfa7009,b0e9714e47b7e3e948d39b311cdb707004c32406041d20412b1b9429fa1aa77e,1291f1349be67f38e983f1d9de9ccceb6a7be197c69c4c3cd36a229a83270edd,d545e00+hoist-diff,strict Python dispatch,float64-int64,0.00987473500026681,0.004854571999203472,7,1
2,after,seq,1,L,stl,surface,36300,7300440,2f650d1b891026d21ad94bb81e9145e487904afbabf6798b217f5e8409652456,820acf027133476eb82fc96d28582b877d8ef82e76087043fd23a63b7ebe33d1,1291f1349be67f38e983f1d9de9ccceb6a7be197c69c4c3cd36a229a83270edd,d545e00+hoist-diff,strict Python dispatch,float64-int64,0.05731124800058751,0.11892997899940383,7,1
2,after,seq,1,L,tetgen,volume,998250,45576754,9e936c64e9ff8983d8435166b564cb0609371307e6fe0742e3f4e68dd2265177,a6c1ab90618909845d63861225b578fa46d8de677758f5e8215762e030f0315f,1291f1349be67f38e983f1d9de9ccceb6a7be197c69c4c3cd36a229a83270edd,d545e00+hoist-diff,strict Python dispatch,float64-int64,0.5025625910002418,0.4690402569995058,7,1
2,after,seq,1,L,ugrid,volume,998250,34768938,978eb93153230c8b19ad6f9d3d24615043c0a5342079bcea711f10c074166fbe,129481a01eb0d22479cdd75f89e5f6a552998399948bbf6e955ae32381403a5d,1291f1349be67f38e983f1d9de9ccceb6a7be197c69c4c3cd36a229a83270edd,d545e00+hoist-diff,strict Python dispatch,float64-int64,0.2403284789997997,0.3638551100002587,7,1
2,after,seq,1,L,wkt,surface,36300,6309604,91a4f07c33bc76b3af356cbb415b74289814fca0618c85fcea16117624612dbe,de3cc0c8ccef95af41ebd60ffbe07ffdd3fe2cb0bb3bd04cde519486188f5660,1291f1349be67f38e983f1d9de9ccceb6a7be197c69c4c3cd36a229a83270edd,d545e00+hoist-diff,strict Python dispatch,float64-int64,0.0585495000004812,0.10929947899967374,7,1
2,before,seq,1,M,avsucd,volume,257250,12106603,cd19a075abf1ee593460210ffff09203bbe530733f9b586aebe0600e6cb8f5aa,94827e31d9f5aec4d71401b4496a653a33312819e614bb29fcac9dc6f4ae7cf2,a90855efdb6d9dd1706eddc9bf335b93c8ab387fd24d7cf1223e8a642a9e081c,d545e00,strict Python dispatch,float64-int64,0.08002994700018462,0.1469879549995312,7,1
2,before,seq,1,M,dolfin-xml,volume,257250,25151960,96e11547c69dc58442b5d36ef1a9e4da65ed0c9d253b9a74ff3e3ca9e0f6c62b,10abc12dd13ca22319e89dd1b9ad612dfa83fddc80cf1117e9ac35838c35aaa9,a90855efdb6d9dd1706eddc9bf335b93c8ab387fd24d7cf1223e8a642a9e081c,d545e00,strict Python dispatch,float64-int64,0.21173998399990523,0.23958806300015567,7,1
2,before,seq,1,M,freefem,volume,257250,9776165,9b9700ba52fb9ba0b4256df086b96d619895fb291b76836465ac17057534959b,7404d7c849e1e32f786ff0c64cc7637572a9035ae38abb3a5983310914699e05,a90855efdb6d9dd1706eddc9bf335b93c8ab387fd24d7cf1223e8a642a9e081c,d545e00,strict Python dispatch,float64-int64,0.06607846200040512,0.12808781100011402,7,1
2,before,seq,1,M,obj,surface,14700,558729,e453315fa2fabf69631e1cf07c95ee15e55400b596e496fff3ab72f3fa848c53,2b33661419d6793969ae45308b69945414cab6f6a7a5d9af2ebbc1f836a3be69,a90855efdb6d9dd1706eddc9bf335b93c8ab387fd24d7cf1223e8a642a9e081c,d545e00,strict Python dispatch,float64-int64,0.0050599410005816026,0.008069541000622849,7,1
2,before,seq,1,M,ply,surface,14700,367766,eab42b2a40b34df3d9722eec2a85ab37c9ba62cf99035729b3fe8076da801495,4040e64f53d248a2407ae664acdd5a587436ca7c2f7376c9d869cfc14bfc7233,a90855efdb6d9dd1706eddc9bf335b93c8ab387fd24d7cf1223e8a642a9e081c,d545e00,strict Python dispatch,float64-int64,0.003843882999717607,0.002300264000041352,7,1
2,before,seq,1,M,stl,surface,14700,2932560,946d484393fb8526a753c9478816d2f37a2d0626bb77020c54b92c573bfb6e4c,28d5a76ab123741b67c3e93920fe883b97be8c774674313a9fd68d1725460f62,a90855efdb6d9dd1706eddc9bf335b93c8ab387fd24d7cf1223e8a642a9e081c,d545e00,strict Python dispatch,float64-int64,0.023001329000180704,0.054558834999625105,7,1
2,before,seq,1,M,tetgen,volume,257250,11126833,4697eb8936d22a0d9aa087100c8e43e21883264f86ead67f9767e5096e57759b,10abc12dd13ca22319e89dd1b9ad612dfa83fddc80cf1117e9ac35838c35aaa9,a90855efdb6d9dd1706eddc9bf335b93c8ab387fd24d7cf1223e8a642a9e081c,d545e00,strict Python dispatch,float64-int64,0.11687832200004777,0.129692633000559,7,1
2,before,seq,1,M,ugrid,volume,257250,8313001,1e466f8323a66efe72f0e54bf3033cc09c5787d20b6ee54d73c20713bc4b4e60,d0efdb66bb810cc6e92c88e092382f4e21c85a9545cf8c1f8efd34318b4ee2b3,a90855efdb6d9dd1706eddc9bf335b93c8ab387fd24d7cf1223e8a642a9e081c,d545e00,strict Python dispatch,float64-int64,0.06289216599998326,0.10101307800050563,7,1
2,before,seq,1,M,wkt,surface,14700,2523364,b2bf61bc5ab2fec1089944516b3f6fb30c1e99233258f0f6841ef217607bed69,71cf0b5d2c84403797716bd71a941978ef0fb741232059aba4a685da8bd23ef6,a90855efdb6d9dd1706eddc9bf335b93c8ab387fd24d7cf1223e8a642a9e081c,d545e00,strict Python dispatch,float64-int64,0.023440009000296413,0.04407022099985625,7,1
2,before,seq,1,L,avsucd,volume,998250,49675301,0aff6d7f5291f0bde4b734d64a0f1b1bae2c3b880420a2a4f0fcea958fd8630b,f8c45fef3232c0304e20d8d2cb2bd9850f2e6cbcdf9f16aabbdcc77e3d49a924,a90855efdb6d9dd1706eddc9bf335b93c8ab387fd24d7cf1223e8a642a9e081c,d545e00,strict Python dispatch,float64-int64,0.328723435000029,0.5586158830001295,7,1
2,before,seq,1,L,dolfin-xml,volume,998250,100096153,186de371098bdc88527485457e234df02f5aa2c4c7f16f84f7f9455c6342b1b1,a6c1ab90618909845d63861225b578fa46d8de677758f5e8215762e030f0315f,a90855efdb6d9dd1706eddc9bf335b93c8ab387fd24d7cf1223e8a642a9e081c,d545e00,strict Python dispatch,float64-int64,0.8169776640006603,0.9268778719997499,7,1
2,before,seq,1,L,freefem,volume,998250,39929654,2d0cedf3274ade3055070b1a6a0cd93e54e10b18731bf80aea32c6040fa16bdf,ba0137684e2601655ef5180af6ef495f53f6189174b7d34024de9fe16fb4f9da,a90855efdb6d9dd1706eddc9bf335b93c8ab387fd24d7cf1223e8a642a9e081c,d545e00,strict Python dispatch,float64-int64,0.26317715599998337,0.4662313010003345,7,1
2,before,seq,1,L,obj,surface,36300,1448121,693740e2b913119d08ff5a178dec0ee3a50eb1f5f1169b14eb661e9c67523c75,f3d9f0eed12bea5502c0f7b799b3f678796b3c3f96a20228c5aff154afb5c501,a90855efdb6d9dd1706eddc9bf335b93c8ab387fd24d7cf1223e8a642a9e081c,d545e00,strict Python dispatch,float64-int64,0.012473929999941902,0.01895019699986733,7,1
2,before,seq,1,L,ply,surface,36300,907767,a33ec1545fe06392d365a0ed8e935fbd435e2773c99a419f8fecccc33cfa7009,b0e9714e47b7e3e948d39b311cdb707004c32406041d20412b1b9429fa1aa77e,a90855efdb6d9dd1706eddc9bf335b93c8ab387fd24d7cf1223e8a642a9e081c,d545e00,strict Python dispatch,float64-int64,0.00939738800025225,0.005092847000014444,7,1
2,before,seq,1,L,stl,surface,36300,7300440,2f650d1b891026d21ad94bb81e9145e487904afbabf6798b217f5e8409652456,820acf027133476eb82fc96d28582b877d8ef82e76087043fd23a63b7ebe33d1,a90855efdb6d9dd1706eddc9bf335b93c8ab387fd24d7cf1223e8a642a9e081c,d545e00,strict Python dispatch,float64-int64,0.05645491699942795,0.11977535799996986,7,1
2,before,seq,1,L,tetgen,volume,998250,45576754,9e936c64e9ff8983d8435166b564cb0609371307e6fe0742e3f4e68dd2265177,a6c1ab90618909845d63861225b578fa46d8de677758f5e8215762e030f0315f,a90855efdb6d9dd1706eddc9bf335b93c8ab387fd24d7cf1223e8a642a9e081c,d545e00,strict Python dispatch,float64-int64,0.5002898259999711,0.48344981700029166,7,1
2,before,seq,1,L,ugrid,volume,998250,34768938,978eb93153230c8b19ad6f9d3d24615043c0a5342079bcea711f10c074166fbe,129481a01eb0d22479cdd75f89e5f6a552998399948bbf6e955ae32381403a5d,a90855efdb6d9dd1706eddc9bf335b93c8ab387fd24d7cf1223e8a642a9e081c,d545e00,strict Python dispatch,float64-int64,0.23665893399993365,0.3705167349999101,7,1
2,before,seq,1,L,wkt,surface,36300,6309604,91a4f07c33bc76b3af356cbb415b74289814fca0618c85fcea16117624612dbe,de3cc0c8ccef95af41ebd60ffbe07ffdd3fe2cb0bb3bd04cde519486188f5660,a90855efdb6d9dd1706eddc9bf335b93c8ab387fd24d7cf1223e8a642a9e081c,d545e00,strict Python dispatch,float64-int64,0.05957201199998963,0.10927100200024142,7,1
