round,stage,backend,threads,size,format,input,cells,bytes,file_sha256,mesh_sha256,module_sha256,source_commit,reader,read_s,write_s,timing_repeats,timing_warmup
1,before,seq,1,M,gmsh,volume,257250,11126947,32d458a3262b02f63f3d9129ba8eea577f30390d8fb156374a342d172b62a627,81becb386b7a973ee91444b6ae7203b0499ce81bdfced656f894c1a632989d87,ab9f7b5baa6e46fb47e836f26e1466267e2d82bdc74e68a9db5d234b16a494ef,2d39e4020d2cac0a8372e170eb9ce92296741614,strict Python dispatch,0.023442410994903184,0.06989579100627452,7,1
1,before,seq,1,M,vtk,volume,257250,11156696,a9b1fc355c80ae430615b9637614b84f908662b6e43713283431135833cc2d8a,b4cbb145bd77b774e8a31abb8b3627beb62a1065f97960876429454f2adb7741,ab9f7b5baa6e46fb47e836f26e1466267e2d82bdc74e68a9db5d234b16a494ef,2d39e4020d2cac0a8372e170eb9ce92296741614,strict Python dispatch,0.020557109004585072,0.04563987399160396,7,1
1,before,seq,1,M,ensight,volume,257250,12367037,f81358e05b70d09c04961375555150f036863a6845fce46907c32df9d1fbfbbe,305fa124807f04cda9dc2e919f31813b37d2d6384e0e87729e52025563949a4e,ab9f7b5baa6e46fb47e836f26e1466267e2d82bdc74e68a9db5d234b16a494ef,2d39e4020d2cac0a8372e170eb9ce92296741614,strict Python dispatch,0.01712600199971348,0.09139194400631823,7,1
1,before,seq,1,M,unv,volume,257250,31698294,9b424b655f82e83f620eb2506dbfc74746ee6599852fe64fda28f860cca74b28,ec78a0c014921c3c7476a7a5f419c24663730d5fcb6dffad56951336088c5aea,ab9f7b5baa6e46fb47e836f26e1466267e2d82bdc74e68a9db5d234b16a494ef,2d39e4020d2cac0a8372e170eb9ce92296741614,strict Python dispatch,0.09969432100479025,0.21475944899430033,7,1
1,before,seq,1,M,mfem,volume,257250,9633628,a665cb249e088c90e26296e04787a72cc72898b1928fb8cded70135ac10e5d2a,24426b85e4731861874f27472d8f3694e75c509f9b4f6f5cbc0dd3ae467116bb,ab9f7b5baa6e46fb47e836f26e1466267e2d82bdc74e68a9db5d234b16a494ef,2d39e4020d2cac0a8372e170eb9ce92296741614,strict Python dispatch,0.12155278299178462,0.06729202100541443,7,1
1,before,seq,1,M,mdpa,volume,257250,12202607,e925afb8212962a91dae301b6c7088c00b76d30d3a60c2abd149af739cd1f2cc,26c7220d28ce7e9bd71defcc818bc0ceea67228d1a60370a2895c4f7b7fc6945,ab9f7b5baa6e46fb47e836f26e1466267e2d82bdc74e68a9db5d234b16a494ef,2d39e4020d2cac0a8372e170eb9ce92296741614,mdpa_read,0.03206213600060437,0.09113875699404161,7,1
1,before,seq,1,M,gid,volume,257250,9396866,524f0ca315516159b2843f2fa76117ce4e2f7b1f04831a7bdcc32b73a3d7673f,a2c80a6341f12ccf8b8d28d7d11d131e14a2a6dc05650510921776f3c46dd1f1,ab9f7b5baa6e46fb47e836f26e1466267e2d82bdc74e68a9db5d234b16a494ef,2d39e4020d2cac0a8372e170eb9ce92296741614,strict Python dispatch,0.12102350800705608,0.08762139300233684,7,1
1,before,seq,1,M,femap,volume,257250,43840008,26686ba25b6a8c3eaedd7eac2239de6adff18e97056ac00049b49c89fe54c36d,574ef0e4fda624db835910a2e607d7855a57a5d0a3e830e21c75c0fe86e2af05,ab9f7b5baa6e46fb47e836f26e1466267e2d82bdc74e68a9db5d234b16a494ef,2d39e4020d2cac0a8372e170eb9ce92296741614,strict Python dispatch,0.18330294599581975,0.10413670400157571,7,1
1,before,seq,1,L,gmsh,volume,998250,45576895,6038c8b5bba22d4f0b0ef492925b1e9b7abdecf2de1131f12f58342194f89ce0,c5b5e8a504ad5d940198e308958f2723ae30f2a5c33aaf10ba76e9d71eb2a1ab,ab9f7b5baa6e46fb47e836f26e1466267e2d82bdc74e68a9db5d234b16a494ef,2d39e4020d2cac0a8372e170eb9ce92296741614,strict Python dispatch,0.08280512700730469,0.2888151000079233,7,1
1,before,seq,1,L,vtk,volume,998250,46393993,f3ede2ff2cf0b8b420670b825729554cfc14fe097022e6ae09dadb73cc0cc5b6,c630e88aa0d6889a6ccd2fd5a00538112f8f545c01a5003483b09820aa8ae4c0,ab9f7b5baa6e46fb47e836f26e1466267e2d82bdc74e68a9db5d234b16a494ef,2d39e4020d2cac0a8372e170eb9ce92296741614,strict Python dispatch,0.07603775699681137,0.19794884699513204,7,1
1,before,seq,1,L,ensight,volume,998250,47777477,9a19adb99252196a3635fc4d6d14909c3e753e6326e57c644c73e5596e92ee1b,40f70ffdacfaf374ab9bc6d32af3820e9da4c6aacb7aa497451f2d9359dab2fb,ab9f7b5baa6e46fb47e836f26e1466267e2d82bdc74e68a9db5d234b16a494ef,2d39e4020d2cac0a8372e170eb9ce92296741614,strict Python dispatch,0.0583458699984476,0.3611481760017341,7,1
1,before,seq,1,L,unv,volume,998250,122368614,b5f9ee1d0754d118aa78fc452840be6f7cf37c11b8007093414a5437cc18313b,0ce2c5d837e4788b981e7b93816545eb73a7b9484591ccf59d8ac85f0889018c,ab9f7b5baa6e46fb47e836f26e1466267e2d82bdc74e68a9db5d234b16a494ef,2d39e4020d2cac0a8372e170eb9ce92296741614,strict Python dispatch,0.3788955740019446,0.6743824650038732,7,1
1,before,seq,1,L,mfem,volume,998250,39683925,3de9aabf5a1eef4c1f38cee529552e18d2ffe7e8fcef68f59642f7d1d491a5e3,6f95f4b6f472ccb6c520bf2b695e20869416b0d522b6903a6aefc2c92e065aae,ab9f7b5baa6e46fb47e836f26e1466267e2d82bdc74e68a9db5d234b16a494ef,2d39e4020d2cac0a8372e170eb9ce92296741614,strict Python dispatch,0.6776737030013464,0.254766832003952,7,1
1,before,seq,1,L,mdpa,volume,998250,49745512,ac5ade3ea1e1f4fea5cb8f9bc258e09fb02557941615bc2a7c966f17e3dff3dc,a2e8c36186969e4008137a2032ce5ee1acf69c6dc108f0c44c4bbafb640e57ca,ab9f7b5baa6e46fb47e836f26e1466267e2d82bdc74e68a9db5d234b16a494ef,2d39e4020d2cac0a8372e170eb9ce92296741614,mdpa_read,0.12302095099585131,0.3493181289959466,7,1
1,before,seq,1,L,gid,volume,998250,39339467,459f3aaa26350b8c497837fc088b848e9a29a072ae7ea8b5103fd559dd350a66,103aaa4bfa3f0837f5bde93748788936f9403cea30b7532cea6ed6789a468bfc,ab9f7b5baa6e46fb47e836f26e1466267e2d82bdc74e68a9db5d234b16a494ef,2d39e4020d2cac0a8372e170eb9ce92296741614,strict Python dispatch,0.5393453129945556,0.36368600600690115,7,1
1,before,seq,1,L,femap,volume,998250,172682745,c593cd017e873fc8302b7f58f1b8ebf0cc9a51005d941eb199e065c7c9ded2ae,a36561f6ef2fb866ce712a916d6554aa933b1ce7aa9dff4d22544f1bc5b83cc9,ab9f7b5baa6e46fb47e836f26e1466267e2d82bdc74e68a9db5d234b16a494ef,2d39e4020d2cac0a8372e170eb9ce92296741614,strict Python dispatch,0.9155991939915111,0.38413481299357954,7,1
1,after,seq,1,M,gmsh,volume,257250,11126947,32d458a3262b02f63f3d9129ba8eea577f30390d8fb156374a342d172b62a627,81becb386b7a973ee91444b6ae7203b0499ce81bdfced656f894c1a632989d87,009bdbe7aaac3880f9a1123062fbe3467f7f1b49df2f74635a38380cd6b7b10d,2d39e4020d2cac0a8372e170eb9ce92296741614,strict Python dispatch,0.020703986010630615,0.0700303510093363,7,1
1,after,seq,1,M,vtk,volume,257250,11156696,a9b1fc355c80ae430615b9637614b84f908662b6e43713283431135833cc2d8a,b4cbb145bd77b774e8a31abb8b3627beb62a1065f97960876429454f2adb7741,009bdbe7aaac3880f9a1123062fbe3467f7f1b49df2f74635a38380cd6b7b10d,2d39e4020d2cac0a8372e170eb9ce92296741614,strict Python dispatch,0.015061600002809428,0.044307896998361684,7,1
1,after,seq,1,M,ensight,volume,257250,12367037,f81358e05b70d09c04961375555150f036863a6845fce46907c32df9d1fbfbbe,305fa124807f04cda9dc2e919f31813b37d2d6384e0e87729e52025563949a4e,009bdbe7aaac3880f9a1123062fbe3467f7f1b49df2f74635a38380cd6b7b10d,2d39e4020d2cac0a8372e170eb9ce92296741614,strict Python dispatch,0.013332300004549325,0.07825515500735492,7,1
1,after,seq,1,M,unv,volume,257250,31698294,9b424b655f82e83f620eb2506dbfc74746ee6599852fe64fda28f860cca74b28,ec78a0c014921c3c7476a7a5f419c24663730d5fcb6dffad56951336088c5aea,009bdbe7aaac3880f9a1123062fbe3467f7f1b49df2f74635a38380cd6b7b10d,2d39e4020d2cac0a8372e170eb9ce92296741614,strict Python dispatch,0.09578039900225122,0.18468301399843767,7,1
1,after,seq,1,M,mfem,volume,257250,9633628,a665cb249e088c90e26296e04787a72cc72898b1928fb8cded70135ac10e5d2a,24426b85e4731861874f27472d8f3694e75c509f9b4f6f5cbc0dd3ae467116bb,009bdbe7aaac3880f9a1123062fbe3467f7f1b49df2f74635a38380cd6b7b10d,2d39e4020d2cac0a8372e170eb9ce92296741614,strict Python dispatch,0.1207240469957469,0.07382174399390351,7,1
1,after,seq,1,M,mdpa,volume,257250,12202607,e925afb8212962a91dae301b6c7088c00b76d30d3a60c2abd149af739cd1f2cc,26c7220d28ce7e9bd71defcc818bc0ceea67228d1a60370a2895c4f7b7fc6945,009bdbe7aaac3880f9a1123062fbe3467f7f1b49df2f74635a38380cd6b7b10d,2d39e4020d2cac0a8372e170eb9ce92296741614,mdpa_read,0.031634322003810667,0.09142927000357304,7,1
1,after,seq,1,M,gid,volume,257250,9396866,524f0ca315516159b2843f2fa76117ce4e2f7b1f04831a7bdcc32b73a3d7673f,a2c80a6341f12ccf8b8d28d7d11d131e14a2a6dc05650510921776f3c46dd1f1,009bdbe7aaac3880f9a1123062fbe3467f7f1b49df2f74635a38380cd6b7b10d,2d39e4020d2cac0a8372e170eb9ce92296741614,strict Python dispatch,0.1191873559873784,0.08717515598982573,7,1
1,after,seq,1,M,femap,volume,257250,43840008,26686ba25b6a8c3eaedd7eac2239de6adff18e97056ac00049b49c89fe54c36d,574ef0e4fda624db835910a2e607d7855a57a5d0a3e830e21c75c0fe86e2af05,009bdbe7aaac3880f9a1123062fbe3467f7f1b49df2f74635a38380cd6b7b10d,2d39e4020d2cac0a8372e170eb9ce92296741614,strict Python dispatch,0.18326787299884018,0.10700271499808878,7,1
1,after,seq,1,L,gmsh,volume,998250,45576895,6038c8b5bba22d4f0b0ef492925b1e9b7abdecf2de1131f12f58342194f89ce0,c5b5e8a504ad5d940198e308958f2723ae30f2a5c33aaf10ba76e9d71eb2a1ab,009bdbe7aaac3880f9a1123062fbe3467f7f1b49df2f74635a38380cd6b7b10d,2d39e4020d2cac0a8372e170eb9ce92296741614,strict Python dispatch,0.06999256700510159,0.2895259080105461,7,1
1,after,seq,1,L,vtk,volume,998250,46393993,f3ede2ff2cf0b8b420670b825729554cfc14fe097022e6ae09dadb73cc0cc5b6,c630e88aa0d6889a6ccd2fd5a00538112f8f545c01a5003483b09820aa8ae4c0,009bdbe7aaac3880f9a1123062fbe3467f7f1b49df2f74635a38380cd6b7b10d,2d39e4020d2cac0a8372e170eb9ce92296741614,strict Python dispatch,0.05405131899169646,0.20112834699102677,7,1
1,after,seq,1,L,ensight,volume,998250,47777477,9a19adb99252196a3635fc4d6d14909c3e753e6326e57c644c73e5596e92ee1b,40f70ffdacfaf374ab9bc6d32af3820e9da4c6aacb7aa497451f2d9359dab2fb,009bdbe7aaac3880f9a1123062fbe3467f7f1b49df2f74635a38380cd6b7b10d,2d39e4020d2cac0a8372e170eb9ce92296741614,strict Python dispatch,0.04440348299976904,0.3156146399996942,7,1
1,after,seq,1,L,unv,volume,998250,122368614,b5f9ee1d0754d118aa78fc452840be6f7cf37c11b8007093414a5437cc18313b,0ce2c5d837e4788b981e7b93816545eb73a7b9484591ccf59d8ac85f0889018c,009bdbe7aaac3880f9a1123062fbe3467f7f1b49df2f74635a38380cd6b7b10d,2d39e4020d2cac0a8372e170eb9ce92296741614,strict Python dispatch,0.3698992970021209,0.6815725689957617,7,1
1,after,seq,1,L,mfem,volume,998250,39683925,3de9aabf5a1eef4c1f38cee529552e18d2ffe7e8fcef68f59642f7d1d491a5e3,6f95f4b6f472ccb6c520bf2b695e20869416b0d522b6903a6aefc2c92e065aae,009bdbe7aaac3880f9a1123062fbe3467f7f1b49df2f74635a38380cd6b7b10d,2d39e4020d2cac0a8372e170eb9ce92296741614,strict Python dispatch,0.6640027700050268,0.2699731979955686,7,1
1,after,seq,1,L,mdpa,volume,998250,49745512,ac5ade3ea1e1f4fea5cb8f9bc258e09fb02557941615bc2a7c966f17e3dff3dc,a2e8c36186969e4008137a2032ce5ee1acf69c6dc108f0c44c4bbafb640e57ca,009bdbe7aaac3880f9a1123062fbe3467f7f1b49df2f74635a38380cd6b7b10d,2d39e4020d2cac0a8372e170eb9ce92296741614,mdpa_read,0.1211767650092952,0.3741852909879526,7,1
1,after,seq,1,L,gid,volume,998250,39339467,459f3aaa26350b8c497837fc088b848e9a29a072ae7ea8b5103fd559dd350a66,103aaa4bfa3f0837f5bde93748788936f9403cea30b7532cea6ed6789a468bfc,009bdbe7aaac3880f9a1123062fbe3467f7f1b49df2f74635a38380cd6b7b10d,2d39e4020d2cac0a8372e170eb9ce92296741614,strict Python dispatch,0.530646629005787,0.3594152250007028,7,1
1,after,seq,1,L,femap,volume,998250,172682745,c593cd017e873fc8302b7f58f1b8ebf0cc9a51005d941eb199e065c7c9ded2ae,a36561f6ef2fb866ce712a916d6554aa933b1ce7aa9dff4d22544f1bc5b83cc9,009bdbe7aaac3880f9a1123062fbe3467f7f1b49df2f74635a38380cd6b7b10d,2d39e4020d2cac0a8372e170eb9ce92296741614,strict Python dispatch,0.9221006139996462,0.4132559819991002,7,1
2,before,seq,1,M,gmsh,volume,257250,11126947,32d458a3262b02f63f3d9129ba8eea577f30390d8fb156374a342d172b62a627,81becb386b7a973ee91444b6ae7203b0499ce81bdfced656f894c1a632989d87,ab9f7b5baa6e46fb47e836f26e1466267e2d82bdc74e68a9db5d234b16a494ef,2d39e4020d2cac0a8372e170eb9ce92296741614,strict Python dispatch,0.0232296670001233,0.06852296400757041,7,1
2,before,seq,1,M,vtk,volume,257250,11156696,a9b1fc355c80ae430615b9637614b84f908662b6e43713283431135833cc2d8a,b4cbb145bd77b774e8a31abb8b3627beb62a1065f97960876429454f2adb7741,ab9f7b5baa6e46fb47e836f26e1466267e2d82bdc74e68a9db5d234b16a494ef,2d39e4020d2cac0a8372e170eb9ce92296741614,strict Python dispatch,0.020362766008474864,0.04481029500311706,7,1
2,before,seq,1,M,ensight,volume,257250,12367037,f81358e05b70d09c04961375555150f036863a6845fce46907c32df9d1fbfbbe,305fa124807f04cda9dc2e919f31813b37d2d6384e0e87729e52025563949a4e,ab9f7b5baa6e46fb47e836f26e1466267e2d82bdc74e68a9db5d234b16a494ef,2d39e4020d2cac0a8372e170eb9ce92296741614,strict Python dispatch,0.017146676007541828,0.07572516500658821,7,1
2,before,seq,1,M,unv,volume,257250,31698294,9b424b655f82e83f620eb2506dbfc74746ee6599852fe64fda28f860cca74b28,ec78a0c014921c3c7476a7a5f419c24663730d5fcb6dffad56951336088c5aea,ab9f7b5baa6e46fb47e836f26e1466267e2d82bdc74e68a9db5d234b16a494ef,2d39e4020d2cac0a8372e170eb9ce92296741614,strict Python dispatch,0.09987660498882178,0.21110710100037977,7,1
2,before,seq,1,M,mfem,volume,257250,9633628,a665cb249e088c90e26296e04787a72cc72898b1928fb8cded70135ac10e5d2a,24426b85e4731861874f27472d8f3694e75c509f9b4f6f5cbc0dd3ae467116bb,ab9f7b5baa6e46fb47e836f26e1466267e2d82bdc74e68a9db5d234b16a494ef,2d39e4020d2cac0a8372e170eb9ce92296741614,strict Python dispatch,0.1267082009871956,0.06666793899785262,7,1
2,before,seq,1,M,mdpa,volume,257250,12202607,e925afb8212962a91dae301b6c7088c00b76d30d3a60c2abd149af739cd1f2cc,26c7220d28ce7e9bd71defcc818bc0ceea67228d1a60370a2895c4f7b7fc6945,ab9f7b5baa6e46fb47e836f26e1466267e2d82bdc74e68a9db5d234b16a494ef,2d39e4020d2cac0a8372e170eb9ce92296741614,mdpa_read,0.03145328599202912,0.08889094598998781,7,1
2,before,seq,1,M,gid,volume,257250,9396866,524f0ca315516159b2843f2fa76117ce4e2f7b1f04831a7bdcc32b73a3d7673f,a2c80a6341f12ccf8b8d28d7d11d131e14a2a6dc05650510921776f3c46dd1f1,ab9f7b5baa6e46fb47e836f26e1466267e2d82bdc74e68a9db5d234b16a494ef,2d39e4020d2cac0a8372e170eb9ce92296741614,strict Python dispatch,0.11842336300469469,0.0867716609936906,7,1
2,before,seq,1,M,femap,volume,257250,43840008,26686ba25b6a8c3eaedd7eac2239de6adff18e97056ac00049b49c89fe54c36d,574ef0e4fda624db835910a2e607d7855a57a5d0a3e830e21c75c0fe86e2af05,ab9f7b5baa6e46fb47e836f26e1466267e2d82bdc74e68a9db5d234b16a494ef,2d39e4020d2cac0a8372e170eb9ce92296741614,strict Python dispatch,0.18502057499426883,0.10291046301426832,7,1
2,before,seq,1,L,gmsh,volume,998250,45576895,6038c8b5bba22d4f0b0ef492925b1e9b7abdecf2de1131f12f58342194f89ce0,c5b5e8a504ad5d940198e308958f2723ae30f2a5c33aaf10ba76e9d71eb2a1ab,ab9f7b5baa6e46fb47e836f26e1466267e2d82bdc74e68a9db5d234b16a494ef,2d39e4020d2cac0a8372e170eb9ce92296741614,strict Python dispatch,0.08128092500555795,0.2835172210034216,7,1
2,before,seq,1,L,vtk,volume,998250,46393993,f3ede2ff2cf0b8b420670b825729554cfc14fe097022e6ae09dadb73cc0cc5b6,c630e88aa0d6889a6ccd2fd5a00538112f8f545c01a5003483b09820aa8ae4c0,ab9f7b5baa6e46fb47e836f26e1466267e2d82bdc74e68a9db5d234b16a494ef,2d39e4020d2cac0a8372e170eb9ce92296741614,strict Python dispatch,0.07535786199150607,0.1589760880015092,7,1
2,before,seq,1,L,ensight,volume,998250,47777477,9a19adb99252196a3635fc4d6d14909c3e753e6326e57c644c73e5596e92ee1b,40f70ffdacfaf374ab9bc6d32af3820e9da4c6aacb7aa497451f2d9359dab2fb,ab9f7b5baa6e46fb47e836f26e1466267e2d82bdc74e68a9db5d234b16a494ef,2d39e4020d2cac0a8372e170eb9ce92296741614,strict Python dispatch,0.058663456002250314,0.31057655699260067,7,1
2,before,seq,1,L,unv,volume,998250,122368614,b5f9ee1d0754d118aa78fc452840be6f7cf37c11b8007093414a5437cc18313b,0ce2c5d837e4788b981e7b93816545eb73a7b9484591ccf59d8ac85f0889018c,ab9f7b5baa6e46fb47e836f26e1466267e2d82bdc74e68a9db5d234b16a494ef,2d39e4020d2cac0a8372e170eb9ce92296741614,strict Python dispatch,0.366212191991508,0.6843684429913992,7,1
2,before,seq,1,L,mfem,volume,998250,39683925,3de9aabf5a1eef4c1f38cee529552e18d2ffe7e8fcef68f59642f7d1d491a5e3,6f95f4b6f472ccb6c520bf2b695e20869416b0d522b6903a6aefc2c92e065aae,ab9f7b5baa6e46fb47e836f26e1466267e2d82bdc74e68a9db5d234b16a494ef,2d39e4020d2cac0a8372e170eb9ce92296741614,strict Python dispatch,0.6706126799981575,0.25593152399233077,7,1
2,before,seq,1,L,mdpa,volume,998250,49745512,ac5ade3ea1e1f4fea5cb8f9bc258e09fb02557941615bc2a7c966f17e3dff3dc,a2e8c36186969e4008137a2032ce5ee1acf69c6dc108f0c44c4bbafb640e57ca,ab9f7b5baa6e46fb47e836f26e1466267e2d82bdc74e68a9db5d234b16a494ef,2d39e4020d2cac0a8372e170eb9ce92296741614,mdpa_read,0.12155312400136609,0.3650391419942025,7,1
2,before,seq,1,L,gid,volume,998250,39339467,459f3aaa26350b8c497837fc088b848e9a29a072ae7ea8b5103fd559dd350a66,103aaa4bfa3f0837f5bde93748788936f9403cea30b7532cea6ed6789a468bfc,ab9f7b5baa6e46fb47e836f26e1466267e2d82bdc74e68a9db5d234b16a494ef,2d39e4020d2cac0a8372e170eb9ce92296741614,strict Python dispatch,0.5336918200046057,0.3586741820035968,7,1
2,before,seq,1,L,femap,volume,998250,172682745,c593cd017e873fc8302b7f58f1b8ebf0cc9a51005d941eb199e065c7c9ded2ae,a36561f6ef2fb866ce712a916d6554aa933b1ce7aa9dff4d22544f1bc5b83cc9,ab9f7b5baa6e46fb47e836f26e1466267e2d82bdc74e68a9db5d234b16a494ef,2d39e4020d2cac0a8372e170eb9ce92296741614,strict Python dispatch,0.9189164829876972,0.39301722099480685,7,1
2,after,seq,1,M,gmsh,volume,257250,11126947,32d458a3262b02f63f3d9129ba8eea577f30390d8fb156374a342d172b62a627,81becb386b7a973ee91444b6ae7203b0499ce81bdfced656f894c1a632989d87,009bdbe7aaac3880f9a1123062fbe3467f7f1b49df2f74635a38380cd6b7b10d,2d39e4020d2cac0a8372e170eb9ce92296741614,strict Python dispatch,0.020559077005600557,0.06838729599257931,7,1
2,after,seq,1,M,vtk,volume,257250,11156696,a9b1fc355c80ae430615b9637614b84f908662b6e43713283431135833cc2d8a,b4cbb145bd77b774e8a31abb8b3627beb62a1065f97960876429454f2adb7741,009bdbe7aaac3880f9a1123062fbe3467f7f1b49df2f74635a38380cd6b7b10d,2d39e4020d2cac0a8372e170eb9ce92296741614,strict Python dispatch,0.01477978500770405,0.04453942700638436,7,1
2,after,seq,1,M,ensight,volume,257250,12367037,f81358e05b70d09c04961375555150f036863a6845fce46907c32df9d1fbfbbe,305fa124807f04cda9dc2e919f31813b37d2d6384e0e87729e52025563949a4e,009bdbe7aaac3880f9a1123062fbe3467f7f1b49df2f74635a38380cd6b7b10d,2d39e4020d2cac0a8372e170eb9ce92296741614,strict Python dispatch,0.013316256998223253,0.0764530060114339,7,1
2,after,seq,1,M,unv,volume,257250,31698294,9b424b655f82e83f620eb2506dbfc74746ee6599852fe64fda28f860cca74b28,ec78a0c014921c3c7476a7a5f419c24663730d5fcb6dffad56951336088c5aea,009bdbe7aaac3880f9a1123062fbe3467f7f1b49df2f74635a38380cd6b7b10d,2d39e4020d2cac0a8372e170eb9ce92296741614,strict Python dispatch,0.09763638400181662,0.21213043699390255,7,1
2,after,seq,1,M,mfem,volume,257250,9633628,a665cb249e088c90e26296e04787a72cc72898b1928fb8cded70135ac10e5d2a,24426b85e4731861874f27472d8f3694e75c509f9b4f6f5cbc0dd3ae467116bb,009bdbe7aaac3880f9a1123062fbe3467f7f1b49df2f74635a38380cd6b7b10d,2d39e4020d2cac0a8372e170eb9ce92296741614,strict Python dispatch,0.12426944900653325,0.06692834800924174,7,1
2,after,seq,1,M,mdpa,volume,257250,12202607,e925afb8212962a91dae301b6c7088c00b76d30d3a60c2abd149af739cd1f2cc,26c7220d28ce7e9bd71defcc818bc0ceea67228d1a60370a2895c4f7b7fc6945,009bdbe7aaac3880f9a1123062fbe3467f7f1b49df2f74635a38380cd6b7b10d,2d39e4020d2cac0a8372e170eb9ce92296741614,mdpa_read,0.03178141399985179,0.08892439500777982,7,1
2,after,seq,1,M,gid,volume,257250,9396866,524f0ca315516159b2843f2fa76117ce4e2f7b1f04831a7bdcc32b73a3d7673f,a2c80a6341f12ccf8b8d28d7d11d131e14a2a6dc05650510921776f3c46dd1f1,009bdbe7aaac3880f9a1123062fbe3467f7f1b49df2f74635a38380cd6b7b10d,2d39e4020d2cac0a8372e170eb9ce92296741614,strict Python dispatch,0.12271667100139894,0.08848408599442337,7,1
2,after,seq,1,M,femap,volume,257250,43840008,26686ba25b6a8c3eaedd7eac2239de6adff18e97056ac00049b49c89fe54c36d,574ef0e4fda624db835910a2e607d7855a57a5d0a3e830e21c75c0fe86e2af05,009bdbe7aaac3880f9a1123062fbe3467f7f1b49df2f74635a38380cd6b7b10d,2d39e4020d2cac0a8372e170eb9ce92296741614,strict Python dispatch,0.18462299498787615,0.10440943000139669,7,1
2,after,seq,1,L,gmsh,volume,998250,45576895,6038c8b5bba22d4f0b0ef492925b1e9b7abdecf2de1131f12f58342194f89ce0,c5b5e8a504ad5d940198e308958f2723ae30f2a5c33aaf10ba76e9d71eb2a1ab,009bdbe7aaac3880f9a1123062fbe3467f7f1b49df2f74635a38380cd6b7b10d,2d39e4020d2cac0a8372e170eb9ce92296741614,strict Python dispatch,0.06903130299178883,0.28135061099601444,7,1
2,after,seq,1,L,vtk,volume,998250,46393993,f3ede2ff2cf0b8b420670b825729554cfc14fe097022e6ae09dadb73cc0cc5b6,c630e88aa0d6889a6ccd2fd5a00538112f8f545c01a5003483b09820aa8ae4c0,009bdbe7aaac3880f9a1123062fbe3467f7f1b49df2f74635a38380cd6b7b10d,2d39e4020d2cac0a8372e170eb9ce92296741614,strict Python dispatch,0.05392965600185562,0.20176796498708427,7,1
2,after,seq,1,L,ensight,volume,998250,47777477,9a19adb99252196a3635fc4d6d14909c3e753e6326e57c644c73e5596e92ee1b,40f70ffdacfaf374ab9bc6d32af3820e9da4c6aacb7aa497451f2d9359dab2fb,009bdbe7aaac3880f9a1123062fbe3467f7f1b49df2f74635a38380cd6b7b10d,2d39e4020d2cac0a8372e170eb9ce92296741614,strict Python dispatch,0.044821001996751875,0.3123687820043415,7,1
2,after,seq,1,L,unv,volume,998250,122368614,b5f9ee1d0754d118aa78fc452840be6f7cf37c11b8007093414a5437cc18313b,0ce2c5d837e4788b981e7b93816545eb73a7b9484591ccf59d8ac85f0889018c,009bdbe7aaac3880f9a1123062fbe3467f7f1b49df2f74635a38380cd6b7b10d,2d39e4020d2cac0a8372e170eb9ce92296741614,strict Python dispatch,0.37682042000233196,0.6821131790056825,7,1
2,after,seq,1,L,mfem,volume,998250,39683925,3de9aabf5a1eef4c1f38cee529552e18d2ffe7e8fcef68f59642f7d1d491a5e3,6f95f4b6f472ccb6c520bf2b695e20869416b0d522b6903a6aefc2c92e065aae,009bdbe7aaac3880f9a1123062fbe3467f7f1b49df2f74635a38380cd6b7b10d,2d39e4020d2cac0a8372e170eb9ce92296741614,strict Python dispatch,0.6666004819999216,0.2555742510012351,7,1
2,after,seq,1,L,mdpa,volume,998250,49745512,ac5ade3ea1e1f4fea5cb8f9bc258e09fb02557941615bc2a7c966f17e3dff3dc,a2e8c36186969e4008137a2032ce5ee1acf69c6dc108f0c44c4bbafb640e57ca,009bdbe7aaac3880f9a1123062fbe3467f7f1b49df2f74635a38380cd6b7b10d,2d39e4020d2cac0a8372e170eb9ce92296741614,mdpa_read,0.12068256099883001,0.37112084800901357,7,1
2,after,seq,1,L,gid,volume,998250,39339467,459f3aaa26350b8c497837fc088b848e9a29a072ae7ea8b5103fd559dd350a66,103aaa4bfa3f0837f5bde93748788936f9403cea30b7532cea6ed6789a468bfc,009bdbe7aaac3880f9a1123062fbe3467f7f1b49df2f74635a38380cd6b7b10d,2d39e4020d2cac0a8372e170eb9ce92296741614,strict Python dispatch,0.5504722490004497,0.36529292100749444,7,1
2,after,seq,1,L,femap,volume,998250,172682745,c593cd017e873fc8302b7f58f1b8ebf0cc9a51005d941eb199e065c7c9ded2ae,a36561f6ef2fb866ce712a916d6554aa933b1ce7aa9dff4d22544f1bc5b83cc9,009bdbe7aaac3880f9a1123062fbe3467f7f1b49df2f74635a38380cd6b7b10d,2d39e4020d2cac0a8372e170eb9ce92296741614,strict Python dispatch,0.9231039739970583,0.4073271679953905,7,1
