stage,backend,threads,size,format,input,cells,bytes,file_sha256,mesh_sha256,module_sha256,source_commit,reader,input_dtypes,read_s,write_s,timing_repeats,timing_warmup,allocations,requested_bytes,allocation_repeats,writer_allocations,writer_requested_bytes,writer_allocation_repeats
before,seq,1,M,gmsh,volume,257250,11126947,aef600bd0a091f73c9ec9a71a71a6a7dee23e2b13e8ec000e8e9d555a3e8997b,cdafa83eb94e871b2e98f95180b9bd4438b9381d0edc84d18dc1c2216c020fe0,547aedd9156cdec4691447030224a290a75c1a9bcf5563c5a08bc6350f7d6864,888f340,strict Python dispatch,float64-int64,0.027603381000062654,0.09884156199996141,7,1,53,23384415,3,10,8717,3
before,seq,1,M,febio,volume,257250,16945586,d7a0425ecee16ae0364f869adf7e6607c715cd917b08a9ecf9fb934101d07ca8,b799b95e7f948e61baf7752296233ced0cc059ad0b20d38789b08faf4feccaa7,547aedd9156cdec4691447030224a290a75c1a9bcf5563c5a08bc6350f7d6864,888f340,strict Python dispatch,float64-int64,0.1403817280001931,0.07920499100009692,7,1,693509,76010321,3,45,39291634,3
before,seq,1,M,z88,volume,257250,14030909,7b1010c3ada2107e11728b8f645eff5116ea1d33f8c306849dec4881829203d4,b44e853a0faea9198bca8fd9d531ecd50c83cc0990675dece170ee332b7a2dff,547aedd9156cdec4691447030224a290a75c1a9bcf5563c5a08bc6350f7d6864,888f340,strict Python dispatch,float64-int64,0.18832287099985479,0.1734492020000289,7,1,4933358,242914924,3,79,10536987,3
before,seq,1,M,patran,volume,257250,53607580,628e98268406eea248c5ea27adcbafc88378a1111a318c3d13d71ae5464acb80,fcacdd35991f5120d5f34ce102c7a818b412b53864e32e25d08b71b380f6f38a,547aedd9156cdec4691447030224a290a75c1a9bcf5563c5a08bc6350f7d6864,888f340,strict Python dispatch,float64-int64,0.44568447000028755,0.4861954139996669,7,1,5611802,457390361,3,53,7427654,3
before,seq,1,M,femap,volume,257250,43840008,db3bb4e995831b6b0e998567af5c1ada257f056c8d229f92fe049133b979409a,1d042f3188f20fa24893ca4e17a761054149081ac1fee99f14aed2443c9280f6,547aedd9156cdec4691447030224a290a75c1a9bcf5563c5a08bc6350f7d6864,888f340,strict Python dispatch,float64-int64,0.36872908500026824,0.20767431400008718,7,1,6197003,973491715,3,551222,133475812,3
before,seq,1,M,mdpa,volume,257250,12202607,4155e71d03325d0d0f3bd62c9f912eee3bfb2b7567a4da8f0e7a69ab99d36c6f,9c657b462145e0ce8f0b09bab80dc599b3b004a8ef70bc7ca37a4457bc73730e,547aedd9156cdec4691447030224a290a75c1a9bcf5563c5a08bc6350f7d6864,888f340,strict Python dispatch,float64-int64,0.9773480930007281,0.1264465600006588,7,1,0,0,3,303952,14180718,3
before,seq,1,L,gmsh,volume,998250,45576895,94f105d3f4b583cfca954a3d7610fc95465e635737e35cfeda21c10f9f9c40a9,8d02d45bc2a16d9f1676952eacf5c1f71512c1649fea56e151fcd429a3d03818,547aedd9156cdec4691447030224a290a75c1a9bcf5563c5a08bc6350f7d6864,888f340,strict Python dispatch,float64-int64,0.08706389899998612,0.38649931200006904,7,1,45,47178037,3,10,8717,3
before,seq,1,L,febio,volume,998250,68337443,58ed87ed71600bccb8aadabda8ce92998bd3b0d8f6f5b84a1d03fb40f1da338a,bffcf5c083a97b3c5af20451647f3550a2ecf5af11709b175baafdbaf7739de1,547aedd9156cdec4691447030224a290a75c1a9bcf5563c5a08bc6350f7d6864,888f340,strict Python dispatch,float64-int64,0.7701632910002445,0.3187489150000147,7,1,2680323,300682321,3,47,156892980,3
before,seq,1,L,z88,volume,998250,56363837,de3c963175ce8e86d5f29325f242d01a67300871b2c95834a75541ef3c38dcbc,860a905e0c04b31c34bc425fdc63c94c794ddb77c5ca23cde1b4bb92c89ebe62,547aedd9156cdec4691447030224a290a75c1a9bcf5563c5a08bc6350f7d6864,888f340,strict Python dispatch,float64-int64,0.7539094690000638,0.6932152889999088,7,1,19077878,892702693,3,83,32907315,3
before,seq,1,L,patran,volume,998250,207201540,8327bf2c8e88f7ea962e3f11f8c5bc8696b59fc906fa887a4f026f5cd8829315,4619558575a7a0204c23dc78580fa84610ba5018425959ca85c0529bb88fd85e,547aedd9156cdec4691447030224a290a75c1a9bcf5563c5a08bc6350f7d6864,888f340,strict Python dispatch,float64-int64,2.0689907209998637,1.8977266839997355,7,1,21721422,1783419593,3,55,22974566,3
before,seq,1,L,femap,volume,998250,172682745,8dd3862780e486fd3f0bfd7863d1778490a571af5622ef420b0f01443381f8fe,418a400ed25fb0c18f8146d506afb05b3786458b0581ed21435c7df75373943e,547aedd9156cdec4691447030224a290a75c1a9bcf5563c5a08bc6350f7d6864,888f340,strict Python dispatch,float64-int64,1.7106396110002606,0.8793094060001749,7,1,24013789,3808758035,3,2162186,531710918,3
before,seq,1,L,mdpa,volume,998250,49745512,c5e02e014950022083b60edc01bb07c501024ce22403443e130e2792ae83f128,fe35d76da8b40bc7506634b51a58220e962a2182df259a6741a3431a2e177033,547aedd9156cdec4691447030224a290a75c1a9bcf5563c5a08bc6350f7d6864,888f340,strict Python dispatch,float64-int64,4.342107394000777,0.4863599249993058,7,1,0,0,3,1173916,56530510,3
after,seq,1,M,gmsh,volume,257250,11126947,aef600bd0a091f73c9ec9a71a71a6a7dee23e2b13e8ec000e8e9d555a3e8997b,cdafa83eb94e871b2e98f95180b9bd4438b9381d0edc84d18dc1c2216c020fe0,a7c63d418c270fe6754df20103ddfd382b84421abb56faf278ca927125a7b6f4,888f340+writer-hoist-diff,strict Python dispatch,float64-int64,0.02824352400011776,0.09756351900023219,7,1,53,23384415,3,10,8717,3
after,seq,1,M,febio,volume,257250,16945586,d7a0425ecee16ae0364f869adf7e6607c715cd917b08a9ecf9fb934101d07ca8,b799b95e7f948e61baf7752296233ced0cc059ad0b20d38789b08faf4feccaa7,a7c63d418c270fe6754df20103ddfd382b84421abb56faf278ca927125a7b6f4,888f340+writer-hoist-diff,strict Python dispatch,float64-int64,0.14701954299971476,0.061188284999843745,7,1,693509,76010321,3,45,39291634,3
after,seq,1,M,z88,volume,257250,14030909,7b1010c3ada2107e11728b8f645eff5116ea1d33f8c306849dec4881829203d4,b44e853a0faea9198bca8fd9d531ecd50c83cc0990675dece170ee332b7a2dff,a7c63d418c270fe6754df20103ddfd382b84421abb56faf278ca927125a7b6f4,888f340+writer-hoist-diff,strict Python dispatch,float64-int64,0.19493802900024093,0.17762917600020955,7,1,4933358,242914924,3,79,10536987,3
after,seq,1,M,patran,volume,257250,53607580,628e98268406eea248c5ea27adcbafc88378a1111a318c3d13d71ae5464acb80,fcacdd35991f5120d5f34ce102c7a818b412b53864e32e25d08b71b380f6f38a,a7c63d418c270fe6754df20103ddfd382b84421abb56faf278ca927125a7b6f4,888f340+writer-hoist-diff,strict Python dispatch,float64-int64,0.4885116730001755,0.48815377500022805,7,1,5611802,457390361,3,53,7427654,3
after,seq,1,M,femap,volume,257250,43840008,db3bb4e995831b6b0e998567af5c1ada257f056c8d229f92fe049133b979409a,1d042f3188f20fa24893ca4e17a761054149081ac1fee99f14aed2443c9280f6,a7c63d418c270fe6754df20103ddfd382b84421abb56faf278ca927125a7b6f4,888f340+writer-hoist-diff,strict Python dispatch,float64-int64,0.38871834200017474,0.20667448399990462,7,1,6197003,973491715,3,551222,133475812,3
after,seq,1,M,mdpa,volume,257250,12202607,4155e71d03325d0d0f3bd62c9f912eee3bfb2b7567a4da8f0e7a69ab99d36c6f,9c657b462145e0ce8f0b09bab80dc599b3b004a8ef70bc7ca37a4457bc73730e,a7c63d418c270fe6754df20103ddfd382b84421abb56faf278ca927125a7b6f4,888f340+writer-hoist-diff,strict Python dispatch,float64-int64,1.0175882240000647,0.1125386610001442,7,1,0,0,3,303952,14180718,3
after,seq,1,L,gmsh,volume,998250,45576895,94f105d3f4b583cfca954a3d7610fc95465e635737e35cfeda21c10f9f9c40a9,8d02d45bc2a16d9f1676952eacf5c1f71512c1649fea56e151fcd429a3d03818,a7c63d418c270fe6754df20103ddfd382b84421abb56faf278ca927125a7b6f4,888f340+writer-hoist-diff,strict Python dispatch,float64-int64,0.10685961300032432,0.3726693239996166,7,1,45,47178037,3,10,8717,3
after,seq,1,L,febio,volume,998250,68337443,58ed87ed71600bccb8aadabda8ce92998bd3b0d8f6f5b84a1d03fb40f1da338a,bffcf5c083a97b3c5af20451647f3550a2ecf5af11709b175baafdbaf7739de1,a7c63d418c270fe6754df20103ddfd382b84421abb56faf278ca927125a7b6f4,888f340+writer-hoist-diff,strict Python dispatch,float64-int64,0.8068075169999247,0.30397345300025336,7,1,2680323,300682321,3,47,156892980,3
after,seq,1,L,z88,volume,998250,56363837,de3c963175ce8e86d5f29325f242d01a67300871b2c95834a75541ef3c38dcbc,860a905e0c04b31c34bc425fdc63c94c794ddb77c5ca23cde1b4bb92c89ebe62,a7c63d418c270fe6754df20103ddfd382b84421abb56faf278ca927125a7b6f4,888f340+writer-hoist-diff,strict Python dispatch,float64-int64,0.7656818910004404,0.690361558999939,7,1,19077878,892702693,3,83,32907315,3
after,seq,1,L,patran,volume,998250,207201540,8327bf2c8e88f7ea962e3f11f8c5bc8696b59fc906fa887a4f026f5cd8829315,4619558575a7a0204c23dc78580fa84610ba5018425959ca85c0529bb88fd85e,a7c63d418c270fe6754df20103ddfd382b84421abb56faf278ca927125a7b6f4,888f340+writer-hoist-diff,strict Python dispatch,float64-int64,2.1051287950003825,1.8628879230000166,7,1,21721422,1783419593,3,55,22974566,3
after,seq,1,L,femap,volume,998250,172682745,8dd3862780e486fd3f0bfd7863d1778490a571af5622ef420b0f01443381f8fe,418a400ed25fb0c18f8146d506afb05b3786458b0581ed21435c7df75373943e,a7c63d418c270fe6754df20103ddfd382b84421abb56faf278ca927125a7b6f4,888f340+writer-hoist-diff,strict Python dispatch,float64-int64,1.7436511790001532,0.8161529429999064,7,1,24013789,3808758035,3,2162186,531710918,3
after,seq,1,L,mdpa,volume,998250,49745512,c5e02e014950022083b60edc01bb07c501024ce22403443e130e2792ae83f128,fe35d76da8b40bc7506634b51a58220e962a2182df259a6741a3431a2e177033,a7c63d418c270fe6754df20103ddfd382b84421abb56faf278ca927125a7b6f4,888f340+writer-hoist-diff,strict Python dispatch,float64-int64,4.488642688999789,0.4995319939998808,7,1,0,0,3,1173916,56530510,3
before,openmp,1,M,gmsh,volume,257250,11126947,aef600bd0a091f73c9ec9a71a71a6a7dee23e2b13e8ec000e8e9d555a3e8997b,cdafa83eb94e871b2e98f95180b9bd4438b9381d0edc84d18dc1c2216c020fe0,c7f40e6968edbcc5fad12b65194ea1cb41d3f0619efe1f656667f290066572ca,888f340,strict Python dispatch,float64-int64,0.026831405999928393,0.0953318639999452,7,1,53,23384415,3,10,8717,3
before,openmp,1,M,febio,volume,257250,16945586,d7a0425ecee16ae0364f869adf7e6607c715cd917b08a9ecf9fb934101d07ca8,b799b95e7f948e61baf7752296233ced0cc059ad0b20d38789b08faf4feccaa7,c7f40e6968edbcc5fad12b65194ea1cb41d3f0619efe1f656667f290066572ca,888f340,strict Python dispatch,float64-int64,0.1423811320000823,0.07371109399991838,7,1,693509,76010321,3,45,39291634,3
before,openmp,1,M,z88,volume,257250,14030909,7b1010c3ada2107e11728b8f645eff5116ea1d33f8c306849dec4881829203d4,b44e853a0faea9198bca8fd9d531ecd50c83cc0990675dece170ee332b7a2dff,c7f40e6968edbcc5fad12b65194ea1cb41d3f0619efe1f656667f290066572ca,888f340,strict Python dispatch,float64-int64,0.19470477700042466,0.17283623599996645,7,1,4933358,242914924,3,79,10536987,3
before,openmp,1,M,patran,volume,257250,53607580,628e98268406eea248c5ea27adcbafc88378a1111a318c3d13d71ae5464acb80,fcacdd35991f5120d5f34ce102c7a818b412b53864e32e25d08b71b380f6f38a,c7f40e6968edbcc5fad12b65194ea1cb41d3f0619efe1f656667f290066572ca,888f340,strict Python dispatch,float64-int64,0.5180223029997251,0.4823240919999989,7,1,5611802,457390361,3,53,7427654,3
before,openmp,1,M,femap,volume,257250,43840008,db3bb4e995831b6b0e998567af5c1ada257f056c8d229f92fe049133b979409a,1d042f3188f20fa24893ca4e17a761054149081ac1fee99f14aed2443c9280f6,c7f40e6968edbcc5fad12b65194ea1cb41d3f0619efe1f656667f290066572ca,888f340,strict Python dispatch,float64-int64,0.4332101899999543,0.20953138999993826,7,1,6197003,973491715,3,551222,133475812,3
before,openmp,1,M,mdpa,volume,257250,12202607,4155e71d03325d0d0f3bd62c9f912eee3bfb2b7567a4da8f0e7a69ab99d36c6f,9c657b462145e0ce8f0b09bab80dc599b3b004a8ef70bc7ca37a4457bc73730e,c7f40e6968edbcc5fad12b65194ea1cb41d3f0619efe1f656667f290066572ca,888f340,strict Python dispatch,float64-int64,1.0109077799997976,0.13622003300042707,7,1,0,0,3,303952,14180718,3
before,openmp,1,L,gmsh,volume,998250,45576895,94f105d3f4b583cfca954a3d7610fc95465e635737e35cfeda21c10f9f9c40a9,8d02d45bc2a16d9f1676952eacf5c1f71512c1649fea56e151fcd429a3d03818,c7f40e6968edbcc5fad12b65194ea1cb41d3f0619efe1f656667f290066572ca,888f340,strict Python dispatch,float64-int64,0.10823573500010752,0.3827996999998504,7,1,45,47178037,3,10,8717,3
before,openmp,1,L,febio,volume,998250,68337443,58ed87ed71600bccb8aadabda8ce92998bd3b0d8f6f5b84a1d03fb40f1da338a,bffcf5c083a97b3c5af20451647f3550a2ecf5af11709b175baafdbaf7739de1,c7f40e6968edbcc5fad12b65194ea1cb41d3f0619efe1f656667f290066572ca,888f340,strict Python dispatch,float64-int64,0.7789886169998681,0.31354698700033623,7,1,2680323,300682321,3,47,156892980,3
before,openmp,1,L,z88,volume,998250,56363837,de3c963175ce8e86d5f29325f242d01a67300871b2c95834a75541ef3c38dcbc,860a905e0c04b31c34bc425fdc63c94c794ddb77c5ca23cde1b4bb92c89ebe62,c7f40e6968edbcc5fad12b65194ea1cb41d3f0619efe1f656667f290066572ca,888f340,strict Python dispatch,float64-int64,0.7647433520000959,0.676071440999749,7,1,19077878,892702693,3,83,32907315,3
before,openmp,1,L,patran,volume,998250,207201540,8327bf2c8e88f7ea962e3f11f8c5bc8696b59fc906fa887a4f026f5cd8829315,4619558575a7a0204c23dc78580fa84610ba5018425959ca85c0529bb88fd85e,c7f40e6968edbcc5fad12b65194ea1cb41d3f0619efe1f656667f290066572ca,888f340,strict Python dispatch,float64-int64,1.9348019339995517,1.8480076340001688,7,1,21721422,1783419593,3,55,22974566,3
before,openmp,1,L,femap,volume,998250,172682745,8dd3862780e486fd3f0bfd7863d1778490a571af5622ef420b0f01443381f8fe,418a400ed25fb0c18f8146d506afb05b3786458b0581ed21435c7df75373943e,c7f40e6968edbcc5fad12b65194ea1cb41d3f0619efe1f656667f290066572ca,888f340,strict Python dispatch,float64-int64,1.8990424620005797,0.8940062940000644,7,1,24013789,3808758035,3,2162186,531710918,3
before,openmp,1,L,mdpa,volume,998250,49745512,c5e02e014950022083b60edc01bb07c501024ce22403443e130e2792ae83f128,fe35d76da8b40bc7506634b51a58220e962a2182df259a6741a3431a2e177033,c7f40e6968edbcc5fad12b65194ea1cb41d3f0619efe1f656667f290066572ca,888f340,strict Python dispatch,float64-int64,4.30359670299913,0.5191796110002542,7,1,0,0,3,1173916,56530510,3
after,openmp,1,M,gmsh,volume,257250,11126947,aef600bd0a091f73c9ec9a71a71a6a7dee23e2b13e8ec000e8e9d555a3e8997b,cdafa83eb94e871b2e98f95180b9bd4438b9381d0edc84d18dc1c2216c020fe0,d5e9c2d289449e4fdf71ecd747703e20d7d8c538b42501bf503831540e8609f1,888f340+writer-hoist-diff,strict Python dispatch,float64-int64,0.028602285000488337,0.1002448600002026,7,1,53,23384415,3,10,8717,3
after,openmp,1,M,febio,volume,257250,16945586,d7a0425ecee16ae0364f869adf7e6607c715cd917b08a9ecf9fb934101d07ca8,b799b95e7f948e61baf7752296233ced0cc059ad0b20d38789b08faf4feccaa7,d5e9c2d289449e4fdf71ecd747703e20d7d8c538b42501bf503831540e8609f1,888f340+writer-hoist-diff,strict Python dispatch,float64-int64,0.17362078099995415,0.0741604360000565,7,1,693509,76010321,3,45,39291634,3
after,openmp,1,M,z88,volume,257250,14030909,7b1010c3ada2107e11728b8f645eff5116ea1d33f8c306849dec4881829203d4,b44e853a0faea9198bca8fd9d531ecd50c83cc0990675dece170ee332b7a2dff,d5e9c2d289449e4fdf71ecd747703e20d7d8c538b42501bf503831540e8609f1,888f340+writer-hoist-diff,strict Python dispatch,float64-int64,0.19556159500007197,0.18045464199985872,7,1,4933358,242914924,3,79,10536987,3
after,openmp,1,M,patran,volume,257250,53607580,628e98268406eea248c5ea27adcbafc88378a1111a318c3d13d71ae5464acb80,fcacdd35991f5120d5f34ce102c7a818b412b53864e32e25d08b71b380f6f38a,d5e9c2d289449e4fdf71ecd747703e20d7d8c538b42501bf503831540e8609f1,888f340+writer-hoist-diff,strict Python dispatch,float64-int64,0.5316331909998553,0.4789529929994387,7,1,5611802,457390361,3,53,7427654,3
after,openmp,1,M,femap,volume,257250,43840008,db3bb4e995831b6b0e998567af5c1ada257f056c8d229f92fe049133b979409a,1d042f3188f20fa24893ca4e17a761054149081ac1fee99f14aed2443c9280f6,d5e9c2d289449e4fdf71ecd747703e20d7d8c538b42501bf503831540e8609f1,888f340+writer-hoist-diff,strict Python dispatch,float64-int64,0.43432832100006635,0.2087755679995098,7,1,6197003,973491715,3,551222,133475812,3
after,openmp,1,M,mdpa,volume,257250,12202607,4155e71d03325d0d0f3bd62c9f912eee3bfb2b7567a4da8f0e7a69ab99d36c6f,9c657b462145e0ce8f0b09bab80dc599b3b004a8ef70bc7ca37a4457bc73730e,d5e9c2d289449e4fdf71ecd747703e20d7d8c538b42501bf503831540e8609f1,888f340+writer-hoist-diff,strict Python dispatch,float64-int64,1.0498302819996752,0.12992124700031127,7,1,0,0,3,303952,14180718,3
after,openmp,1,L,gmsh,volume,998250,45576895,94f105d3f4b583cfca954a3d7610fc95465e635737e35cfeda21c10f9f9c40a9,8d02d45bc2a16d9f1676952eacf5c1f71512c1649fea56e151fcd429a3d03818,d5e9c2d289449e4fdf71ecd747703e20d7d8c538b42501bf503831540e8609f1,888f340+writer-hoist-diff,strict Python dispatch,float64-int64,0.1109202900006494,0.3775176550007018,7,1,45,47178037,3,10,8717,3
after,openmp,1,L,febio,volume,998250,68337443,58ed87ed71600bccb8aadabda8ce92998bd3b0d8f6f5b84a1d03fb40f1da338a,bffcf5c083a97b3c5af20451647f3550a2ecf5af11709b175baafdbaf7739de1,d5e9c2d289449e4fdf71ecd747703e20d7d8c538b42501bf503831540e8609f1,888f340+writer-hoist-diff,strict Python dispatch,float64-int64,0.7741155679996155,0.30433703900052933,7,1,2680323,300682321,3,47,156892980,3
after,openmp,1,L,z88,volume,998250,56363837,de3c963175ce8e86d5f29325f242d01a67300871b2c95834a75541ef3c38dcbc,860a905e0c04b31c34bc425fdc63c94c794ddb77c5ca23cde1b4bb92c89ebe62,d5e9c2d289449e4fdf71ecd747703e20d7d8c538b42501bf503831540e8609f1,888f340+writer-hoist-diff,strict Python dispatch,float64-int64,0.7733045579998361,0.6902018299997508,7,1,19077878,892702693,3,83,32907315,3
after,openmp,1,L,patran,volume,998250,207201540,8327bf2c8e88f7ea962e3f11f8c5bc8696b59fc906fa887a4f026f5cd8829315,4619558575a7a0204c23dc78580fa84610ba5018425959ca85c0529bb88fd85e,d5e9c2d289449e4fdf71ecd747703e20d7d8c538b42501bf503831540e8609f1,888f340+writer-hoist-diff,strict Python dispatch,float64-int64,2.2050060190003933,1.896427876999951,7,1,21721422,1783419593,3,55,22974566,3
after,openmp,1,L,femap,volume,998250,172682745,8dd3862780e486fd3f0bfd7863d1778490a571af5622ef420b0f01443381f8fe,418a400ed25fb0c18f8146d506afb05b3786458b0581ed21435c7df75373943e,d5e9c2d289449e4fdf71ecd747703e20d7d8c538b42501bf503831540e8609f1,888f340+writer-hoist-diff,strict Python dispatch,float64-int64,1.8311780310004906,0.8533115760001238,7,1,24013789,3808758035,3,2162186,531710918,3
after,openmp,1,L,mdpa,volume,998250,49745512,c5e02e014950022083b60edc01bb07c501024ce22403443e130e2792ae83f128,fe35d76da8b40bc7506634b51a58220e962a2182df259a6741a3431a2e177033,d5e9c2d289449e4fdf71ecd747703e20d7d8c538b42501bf503831540e8609f1,888f340+writer-hoist-diff,strict Python dispatch,float64-int64,4.256582745999367,0.5052296409994597,7,1,0,0,3,1173916,56530510,3
before,openmp,4,M,gmsh,volume,257250,11126947,aef600bd0a091f73c9ec9a71a71a6a7dee23e2b13e8ec000e8e9d555a3e8997b,cdafa83eb94e871b2e98f95180b9bd4438b9381d0edc84d18dc1c2216c020fe0,c7f40e6968edbcc5fad12b65194ea1cb41d3f0619efe1f656667f290066572ca,888f340,strict Python dispatch,float64-int64,0.028647550000641786,0.09672267800033296,7,1,53,23384415,3,10,8717,3
before,openmp,4,M,febio,volume,257250,16945586,d7a0425ecee16ae0364f869adf7e6607c715cd917b08a9ecf9fb934101d07ca8,b799b95e7f948e61baf7752296233ced0cc059ad0b20d38789b08faf4feccaa7,c7f40e6968edbcc5fad12b65194ea1cb41d3f0619efe1f656667f290066572ca,888f340,strict Python dispatch,float64-int64,0.1630300740007442,0.07747656300034578,7,1,693509,76010321,3,45,39291634,3
before,openmp,4,M,z88,volume,257250,14030909,7b1010c3ada2107e11728b8f645eff5116ea1d33f8c306849dec4881829203d4,b44e853a0faea9198bca8fd9d531ecd50c83cc0990675dece170ee332b7a2dff,c7f40e6968edbcc5fad12b65194ea1cb41d3f0619efe1f656667f290066572ca,888f340,strict Python dispatch,float64-int64,0.16121912200014776,0.17288873999950738,7,1,4933358,242914924,3,79,10536987,3
before,openmp,4,M,patran,volume,257250,53607580,628e98268406eea248c5ea27adcbafc88378a1111a318c3d13d71ae5464acb80,fcacdd35991f5120d5f34ce102c7a818b412b53864e32e25d08b71b380f6f38a,c7f40e6968edbcc5fad12b65194ea1cb41d3f0619efe1f656667f290066572ca,888f340,strict Python dispatch,float64-int64,0.5227240499998516,0.4843084619997171,7,1,5611802,457390361,3,53,7427654,3
before,openmp,4,M,femap,volume,257250,43840008,db3bb4e995831b6b0e998567af5c1ada257f056c8d229f92fe049133b979409a,1d042f3188f20fa24893ca4e17a761054149081ac1fee99f14aed2443c9280f6,c7f40e6968edbcc5fad12b65194ea1cb41d3f0619efe1f656667f290066572ca,888f340,strict Python dispatch,float64-int64,0.4531155200002104,0.20674596199933148,7,1,6197003,973491715,3,551222,133475812,3
before,openmp,4,M,mdpa,volume,257250,12202607,4155e71d03325d0d0f3bd62c9f912eee3bfb2b7567a4da8f0e7a69ab99d36c6f,9c657b462145e0ce8f0b09bab80dc599b3b004a8ef70bc7ca37a4457bc73730e,c7f40e6968edbcc5fad12b65194ea1cb41d3f0619efe1f656667f290066572ca,888f340,strict Python dispatch,float64-int64,1.0978644630004055,0.12933520499973383,7,1,0,0,3,303952,14180718,3
before,openmp,4,L,gmsh,volume,998250,45576895,94f105d3f4b583cfca954a3d7610fc95465e635737e35cfeda21c10f9f9c40a9,8d02d45bc2a16d9f1676952eacf5c1f71512c1649fea56e151fcd429a3d03818,c7f40e6968edbcc5fad12b65194ea1cb41d3f0619efe1f656667f290066572ca,888f340,strict Python dispatch,float64-int64,0.11493778000021848,0.3549226350005483,7,1,45,47178037,3,10,8717,3
before,openmp,4,L,febio,volume,998250,68337443,58ed87ed71600bccb8aadabda8ce92998bd3b0d8f6f5b84a1d03fb40f1da338a,bffcf5c083a97b3c5af20451647f3550a2ecf5af11709b175baafdbaf7739de1,c7f40e6968edbcc5fad12b65194ea1cb41d3f0619efe1f656667f290066572ca,888f340,strict Python dispatch,float64-int64,0.7089003350001803,0.2589290930000061,7,1,2680323,300682321,3,47,156892980,3
before,openmp,4,L,z88,volume,998250,56363837,de3c963175ce8e86d5f29325f242d01a67300871b2c95834a75541ef3c38dcbc,860a905e0c04b31c34bc425fdc63c94c794ddb77c5ca23cde1b4bb92c89ebe62,c7f40e6968edbcc5fad12b65194ea1cb41d3f0619efe1f656667f290066572ca,888f340,strict Python dispatch,float64-int64,0.8038290490003419,0.6694053280007211,7,1,19077878,892702693,3,83,32907315,3
before,openmp,4,L,patran,volume,998250,207201540,8327bf2c8e88f7ea962e3f11f8c5bc8696b59fc906fa887a4f026f5cd8829315,4619558575a7a0204c23dc78580fa84610ba5018425959ca85c0529bb88fd85e,c7f40e6968edbcc5fad12b65194ea1cb41d3f0619efe1f656667f290066572ca,888f340,strict Python dispatch,float64-int64,2.150681674000225,1.7969959760002894,7,1,21721422,1783419593,3,55,22974566,3
before,openmp,4,L,femap,volume,998250,172682745,8dd3862780e486fd3f0bfd7863d1778490a571af5622ef420b0f01443381f8fe,418a400ed25fb0c18f8146d506afb05b3786458b0581ed21435c7df75373943e,c7f40e6968edbcc5fad12b65194ea1cb41d3f0619efe1f656667f290066572ca,888f340,strict Python dispatch,float64-int64,1.8524338060005903,0.8457409390002795,7,1,24013789,3808758035,3,2162186,531710918,3
before,openmp,4,L,mdpa,volume,998250,49745512,c5e02e014950022083b60edc01bb07c501024ce22403443e130e2792ae83f128,fe35d76da8b40bc7506634b51a58220e962a2182df259a6741a3431a2e177033,c7f40e6968edbcc5fad12b65194ea1cb41d3f0619efe1f656667f290066572ca,888f340,strict Python dispatch,float64-int64,4.465399450999939,0.5574073170000702,7,1,0,0,3,1173916,56530510,3
after,openmp,4,M,gmsh,volume,257250,11126947,aef600bd0a091f73c9ec9a71a71a6a7dee23e2b13e8ec000e8e9d555a3e8997b,cdafa83eb94e871b2e98f95180b9bd4438b9381d0edc84d18dc1c2216c020fe0,d5e9c2d289449e4fdf71ecd747703e20d7d8c538b42501bf503831540e8609f1,888f340+writer-hoist-diff,strict Python dispatch,float64-int64,0.027599161000580352,0.09759036200011906,7,1,53,23384415,3,10,8717,3
after,openmp,4,M,febio,volume,257250,16945586,d7a0425ecee16ae0364f869adf7e6607c715cd917b08a9ecf9fb934101d07ca8,b799b95e7f948e61baf7752296233ced0cc059ad0b20d38789b08faf4feccaa7,d5e9c2d289449e4fdf71ecd747703e20d7d8c538b42501bf503831540e8609f1,888f340+writer-hoist-diff,strict Python dispatch,float64-int64,0.1740622440001971,0.07502124799975718,7,1,693509,76010321,3,45,39291634,3
after,openmp,4,M,z88,volume,257250,14030909,7b1010c3ada2107e11728b8f645eff5116ea1d33f8c306849dec4881829203d4,b44e853a0faea9198bca8fd9d531ecd50c83cc0990675dece170ee332b7a2dff,d5e9c2d289449e4fdf71ecd747703e20d7d8c538b42501bf503831540e8609f1,888f340+writer-hoist-diff,strict Python dispatch,float64-int64,0.19458066600054735,0.17742642699977296,7,1,4933358,242914924,3,79,10536987,3
after,openmp,4,M,patran,volume,257250,53607580,628e98268406eea248c5ea27adcbafc88378a1111a318c3d13d71ae5464acb80,fcacdd35991f5120d5f34ce102c7a818b412b53864e32e25d08b71b380f6f38a,d5e9c2d289449e4fdf71ecd747703e20d7d8c538b42501bf503831540e8609f1,888f340+writer-hoist-diff,strict Python dispatch,float64-int64,0.5370007110004735,0.4875487070003146,7,1,5611802,457390361,3,53,7427654,3
after,openmp,4,M,femap,volume,257250,43840008,db3bb4e995831b6b0e998567af5c1ada257f056c8d229f92fe049133b979409a,1d042f3188f20fa24893ca4e17a761054149081ac1fee99f14aed2443c9280f6,d5e9c2d289449e4fdf71ecd747703e20d7d8c538b42501bf503831540e8609f1,888f340+writer-hoist-diff,strict Python dispatch,float64-int64,0.4459922739997637,0.1961203540004135,7,1,6197003,973491715,3,551222,133475812,3
after,openmp,4,M,mdpa,volume,257250,12202607,4155e71d03325d0d0f3bd62c9f912eee3bfb2b7567a4da8f0e7a69ab99d36c6f,9c657b462145e0ce8f0b09bab80dc599b3b004a8ef70bc7ca37a4457bc73730e,d5e9c2d289449e4fdf71ecd747703e20d7d8c538b42501bf503831540e8609f1,888f340+writer-hoist-diff,strict Python dispatch,float64-int64,1.0977565699995466,0.14220083800046268,7,1,0,0,3,303952,14180718,3
after,openmp,4,L,gmsh,volume,998250,45576895,94f105d3f4b583cfca954a3d7610fc95465e635737e35cfeda21c10f9f9c40a9,8d02d45bc2a16d9f1676952eacf5c1f71512c1649fea56e151fcd429a3d03818,d5e9c2d289449e4fdf71ecd747703e20d7d8c538b42501bf503831540e8609f1,888f340+writer-hoist-diff,strict Python dispatch,float64-int64,0.10827963999963686,0.370536094000272,7,1,45,47178037,3,10,8717,3
after,openmp,4,L,febio,volume,998250,68337443,58ed87ed71600bccb8aadabda8ce92998bd3b0d8f6f5b84a1d03fb40f1da338a,bffcf5c083a97b3c5af20451647f3550a2ecf5af11709b175baafdbaf7739de1,d5e9c2d289449e4fdf71ecd747703e20d7d8c538b42501bf503831540e8609f1,888f340+writer-hoist-diff,strict Python dispatch,float64-int64,0.8064434249999977,0.29005029600011767,7,1,2680323,300682321,3,47,156892980,3
after,openmp,4,L,z88,volume,998250,56363837,de3c963175ce8e86d5f29325f242d01a67300871b2c95834a75541ef3c38dcbc,860a905e0c04b31c34bc425fdc63c94c794ddb77c5ca23cde1b4bb92c89ebe62,d5e9c2d289449e4fdf71ecd747703e20d7d8c538b42501bf503831540e8609f1,888f340+writer-hoist-diff,strict Python dispatch,float64-int64,0.7686040869994031,0.6701029879995986,7,1,19077878,892702693,3,83,32907315,3
after,openmp,4,L,patran,volume,998250,207201540,8327bf2c8e88f7ea962e3f11f8c5bc8696b59fc906fa887a4f026f5cd8829315,4619558575a7a0204c23dc78580fa84610ba5018425959ca85c0529bb88fd85e,d5e9c2d289449e4fdf71ecd747703e20d7d8c538b42501bf503831540e8609f1,888f340+writer-hoist-diff,strict Python dispatch,float64-int64,2.0185305099994366,1.7755047819991887,7,1,21721422,1783419593,3,55,22974566,3
after,openmp,4,L,femap,volume,998250,172682745,8dd3862780e486fd3f0bfd7863d1778490a571af5622ef420b0f01443381f8fe,418a400ed25fb0c18f8146d506afb05b3786458b0581ed21435c7df75373943e,d5e9c2d289449e4fdf71ecd747703e20d7d8c538b42501bf503831540e8609f1,888f340+writer-hoist-diff,strict Python dispatch,float64-int64,1.5876912730000186,0.8363162870000451,7,1,24013789,3808758035,3,2162186,531710918,3
after,openmp,4,L,mdpa,volume,998250,49745512,c5e02e014950022083b60edc01bb07c501024ce22403443e130e2792ae83f128,fe35d76da8b40bc7506634b51a58220e962a2182df259a6741a3431a2e177033,d5e9c2d289449e4fdf71ecd747703e20d7d8c538b42501bf503831540e8609f1,888f340+writer-hoist-diff,strict Python dispatch,float64-int64,4.453880523999942,0.5379790770002728,7,1,0,0,3,1173916,56530510,3
before,openmp,8,M,gmsh,volume,257250,11126947,aef600bd0a091f73c9ec9a71a71a6a7dee23e2b13e8ec000e8e9d555a3e8997b,cdafa83eb94e871b2e98f95180b9bd4438b9381d0edc84d18dc1c2216c020fe0,c7f40e6968edbcc5fad12b65194ea1cb41d3f0619efe1f656667f290066572ca,888f340,strict Python dispatch,float64-int64,0.0272023879997505,0.09681689399985771,7,1,53,23384415,3,10,8717,3
before,openmp,8,M,febio,volume,257250,16945586,d7a0425ecee16ae0364f869adf7e6607c715cd917b08a9ecf9fb934101d07ca8,b799b95e7f948e61baf7752296233ced0cc059ad0b20d38789b08faf4feccaa7,c7f40e6968edbcc5fad12b65194ea1cb41d3f0619efe1f656667f290066572ca,888f340,strict Python dispatch,float64-int64,0.18117920800068532,0.07846035699913045,7,1,693509,76010321,3,45,39291634,3
before,openmp,8,M,z88,volume,257250,14030909,7b1010c3ada2107e11728b8f645eff5116ea1d33f8c306849dec4881829203d4,b44e853a0faea9198bca8fd9d531ecd50c83cc0990675dece170ee332b7a2dff,c7f40e6968edbcc5fad12b65194ea1cb41d3f0619efe1f656667f290066572ca,888f340,strict Python dispatch,float64-int64,0.1963328720003119,0.1786639900001319,7,1,4933358,242914924,3,79,10536987,3
before,openmp,8,M,patran,volume,257250,53607580,628e98268406eea248c5ea27adcbafc88378a1111a318c3d13d71ae5464acb80,fcacdd35991f5120d5f34ce102c7a818b412b53864e32e25d08b71b380f6f38a,c7f40e6968edbcc5fad12b65194ea1cb41d3f0619efe1f656667f290066572ca,888f340,strict Python dispatch,float64-int64,0.47866217799946753,0.48816167899985885,7,1,5611802,457390361,3,53,7427654,3
before,openmp,8,M,femap,volume,257250,43840008,db3bb4e995831b6b0e998567af5c1ada257f056c8d229f92fe049133b979409a,1d042f3188f20fa24893ca4e17a761054149081ac1fee99f14aed2443c9280f6,c7f40e6968edbcc5fad12b65194ea1cb41d3f0619efe1f656667f290066572ca,888f340,strict Python dispatch,float64-int64,0.44200749099945824,0.20203174400012358,7,1,6197003,973491715,3,551222,133475812,3
before,openmp,8,M,mdpa,volume,257250,12202607,4155e71d03325d0d0f3bd62c9f912eee3bfb2b7567a4da8f0e7a69ab99d36c6f,9c657b462145e0ce8f0b09bab80dc599b3b004a8ef70bc7ca37a4457bc73730e,c7f40e6968edbcc5fad12b65194ea1cb41d3f0619efe1f656667f290066572ca,888f340,strict Python dispatch,float64-int64,0.8981966840001405,0.14753081900016696,7,1,0,0,3,303952,14180718,3
before,openmp,8,L,gmsh,volume,998250,45576895,94f105d3f4b583cfca954a3d7610fc95465e635737e35cfeda21c10f9f9c40a9,8d02d45bc2a16d9f1676952eacf5c1f71512c1649fea56e151fcd429a3d03818,c7f40e6968edbcc5fad12b65194ea1cb41d3f0619efe1f656667f290066572ca,888f340,strict Python dispatch,float64-int64,0.11407267099912133,0.3924145499995575,7,1,45,47178037,3,10,8717,3
before,openmp,8,L,febio,volume,998250,68337443,58ed87ed71600bccb8aadabda8ce92998bd3b0d8f6f5b84a1d03fb40f1da338a,bffcf5c083a97b3c5af20451647f3550a2ecf5af11709b175baafdbaf7739de1,c7f40e6968edbcc5fad12b65194ea1cb41d3f0619efe1f656667f290066572ca,888f340,strict Python dispatch,float64-int64,0.8492000950000147,0.31268654099949345,7,1,2680323,300682321,3,47,156892980,3
before,openmp,8,L,z88,volume,998250,56363837,de3c963175ce8e86d5f29325f242d01a67300871b2c95834a75541ef3c38dcbc,860a905e0c04b31c34bc425fdc63c94c794ddb77c5ca23cde1b4bb92c89ebe62,c7f40e6968edbcc5fad12b65194ea1cb41d3f0619efe1f656667f290066572ca,888f340,strict Python dispatch,float64-int64,0.7974234039993462,0.6721314500000517,7,1,19077878,892702693,3,83,32907315,3
before,openmp,8,L,patran,volume,998250,207201540,8327bf2c8e88f7ea962e3f11f8c5bc8696b59fc906fa887a4f026f5cd8829315,4619558575a7a0204c23dc78580fa84610ba5018425959ca85c0529bb88fd85e,c7f40e6968edbcc5fad12b65194ea1cb41d3f0619efe1f656667f290066572ca,888f340,strict Python dispatch,float64-int64,2.136944138000217,1.9031538259996523,7,1,21721422,1783419593,3,55,22974566,3
before,openmp,8,L,femap,volume,998250,172682745,8dd3862780e486fd3f0bfd7863d1778490a571af5622ef420b0f01443381f8fe,418a400ed25fb0c18f8146d506afb05b3786458b0581ed21435c7df75373943e,c7f40e6968edbcc5fad12b65194ea1cb41d3f0619efe1f656667f290066572ca,888f340,strict Python dispatch,float64-int64,1.8147218120002435,0.7986709030001293,7,1,24013789,3808758035,3,2162186,531710918,3
before,openmp,8,L,mdpa,volume,998250,49745512,c5e02e014950022083b60edc01bb07c501024ce22403443e130e2792ae83f128,fe35d76da8b40bc7506634b51a58220e962a2182df259a6741a3431a2e177033,c7f40e6968edbcc5fad12b65194ea1cb41d3f0619efe1f656667f290066572ca,888f340,strict Python dispatch,float64-int64,4.228723995999644,0.5521048179998616,7,1,0,0,3,1173916,56530510,3
after,openmp,8,M,gmsh,volume,257250,11126947,aef600bd0a091f73c9ec9a71a71a6a7dee23e2b13e8ec000e8e9d555a3e8997b,cdafa83eb94e871b2e98f95180b9bd4438b9381d0edc84d18dc1c2216c020fe0,d5e9c2d289449e4fdf71ecd747703e20d7d8c538b42501bf503831540e8609f1,888f340+writer-hoist-diff,strict Python dispatch,float64-int64,0.021692834000532457,0.09619724999993196,7,1,53,23384415,3,10,8717,3
after,openmp,8,M,febio,volume,257250,16945586,d7a0425ecee16ae0364f869adf7e6607c715cd917b08a9ecf9fb934101d07ca8,b799b95e7f948e61baf7752296233ced0cc059ad0b20d38789b08faf4feccaa7,d5e9c2d289449e4fdf71ecd747703e20d7d8c538b42501bf503831540e8609f1,888f340+writer-hoist-diff,strict Python dispatch,float64-int64,0.17889967399969464,0.070940008999969,7,1,693509,76010321,3,45,39291634,3
after,openmp,8,M,z88,volume,257250,14030909,7b1010c3ada2107e11728b8f645eff5116ea1d33f8c306849dec4881829203d4,b44e853a0faea9198bca8fd9d531ecd50c83cc0990675dece170ee332b7a2dff,d5e9c2d289449e4fdf71ecd747703e20d7d8c538b42501bf503831540e8609f1,888f340+writer-hoist-diff,strict Python dispatch,float64-int64,0.19086682199940697,0.17344085200056725,7,1,4933358,242914924,3,79,10536987,3
after,openmp,8,M,patran,volume,257250,53607580,628e98268406eea248c5ea27adcbafc88378a1111a318c3d13d71ae5464acb80,fcacdd35991f5120d5f34ce102c7a818b412b53864e32e25d08b71b380f6f38a,d5e9c2d289449e4fdf71ecd747703e20d7d8c538b42501bf503831540e8609f1,888f340+writer-hoist-diff,strict Python dispatch,float64-int64,0.4582129070004157,0.48021084300035,7,1,5611802,457390361,3,53,7427654,3
after,openmp,8,M,femap,volume,257250,43840008,db3bb4e995831b6b0e998567af5c1ada257f056c8d229f92fe049133b979409a,1d042f3188f20fa24893ca4e17a761054149081ac1fee99f14aed2443c9280f6,d5e9c2d289449e4fdf71ecd747703e20d7d8c538b42501bf503831540e8609f1,888f340+writer-hoist-diff,strict Python dispatch,float64-int64,0.3853410850006185,0.20738049500050693,7,1,6197003,973491715,3,551222,133475812,3
after,openmp,8,M,mdpa,volume,257250,12202607,4155e71d03325d0d0f3bd62c9f912eee3bfb2b7567a4da8f0e7a69ab99d36c6f,9c657b462145e0ce8f0b09bab80dc599b3b004a8ef70bc7ca37a4457bc73730e,d5e9c2d289449e4fdf71ecd747703e20d7d8c538b42501bf503831540e8609f1,888f340+writer-hoist-diff,strict Python dispatch,float64-int64,0.9297339900003863,0.11380155099959666,7,1,0,0,3,303952,14180718,3
after,openmp,8,L,gmsh,volume,998250,45576895,94f105d3f4b583cfca954a3d7610fc95465e635737e35cfeda21c10f9f9c40a9,8d02d45bc2a16d9f1676952eacf5c1f71512c1649fea56e151fcd429a3d03818,d5e9c2d289449e4fdf71ecd747703e20d7d8c538b42501bf503831540e8609f1,888f340+writer-hoist-diff,strict Python dispatch,float64-int64,0.11027217799983191,0.39793151799949555,7,1,45,47178037,3,10,8717,3
after,openmp,8,L,febio,volume,998250,68337443,58ed87ed71600bccb8aadabda8ce92998bd3b0d8f6f5b84a1d03fb40f1da338a,bffcf5c083a97b3c5af20451647f3550a2ecf5af11709b175baafdbaf7739de1,d5e9c2d289449e4fdf71ecd747703e20d7d8c538b42501bf503831540e8609f1,888f340+writer-hoist-diff,strict Python dispatch,float64-int64,0.8422852799994871,0.30825930100036203,7,1,2680323,300682321,3,47,156892980,3
after,openmp,8,L,z88,volume,998250,56363837,de3c963175ce8e86d5f29325f242d01a67300871b2c95834a75541ef3c38dcbc,860a905e0c04b31c34bc425fdc63c94c794ddb77c5ca23cde1b4bb92c89ebe62,d5e9c2d289449e4fdf71ecd747703e20d7d8c538b42501bf503831540e8609f1,888f340+writer-hoist-diff,strict Python dispatch,float64-int64,0.7614899279997189,0.6731839280000713,7,1,19077878,892702693,3,83,32907315,3
after,openmp,8,L,patran,volume,998250,207201540,8327bf2c8e88f7ea962e3f11f8c5bc8696b59fc906fa887a4f026f5cd8829315,4619558575a7a0204c23dc78580fa84610ba5018425959ca85c0529bb88fd85e,d5e9c2d289449e4fdf71ecd747703e20d7d8c538b42501bf503831540e8609f1,888f340+writer-hoist-diff,strict Python dispatch,float64-int64,2.2326298189991576,1.6917762089997268,7,1,21721422,1783419593,3,55,22974566,3
after,openmp,8,L,femap,volume,998250,172682745,8dd3862780e486fd3f0bfd7863d1778490a571af5622ef420b0f01443381f8fe,418a400ed25fb0c18f8146d506afb05b3786458b0581ed21435c7df75373943e,d5e9c2d289449e4fdf71ecd747703e20d7d8c538b42501bf503831540e8609f1,888f340+writer-hoist-diff,strict Python dispatch,float64-int64,1.8681369549994997,0.8484506889999466,7,1,24013789,3808758035,3,2162186,531710918,3
after,openmp,8,L,mdpa,volume,998250,49745512,c5e02e014950022083b60edc01bb07c501024ce22403443e130e2792ae83f128,fe35d76da8b40bc7506634b51a58220e962a2182df259a6741a3431a2e177033,d5e9c2d289449e4fdf71ecd747703e20d7d8c538b42501bf503831540e8609f1,888f340+writer-hoist-diff,strict Python dispatch,float64-int64,4.381698943999254,0.5670917910001663,7,1,0,0,3,1173916,56530510,3
before,tbb,1,M,gmsh,volume,257250,11126947,aef600bd0a091f73c9ec9a71a71a6a7dee23e2b13e8ec000e8e9d555a3e8997b,cdafa83eb94e871b2e98f95180b9bd4438b9381d0edc84d18dc1c2216c020fe0,e37a82d8d34aeeecb57476008c0bd6d3f9ddbdc11bd105519db9219d80d5221d,888f340,strict Python dispatch,float64-int64,0.021832617000654864,0.10175704799985397,7,1,53,23384415,3,10,8717,3
before,tbb,1,M,febio,volume,257250,16945586,d7a0425ecee16ae0364f869adf7e6607c715cd917b08a9ecf9fb934101d07ca8,b799b95e7f948e61baf7752296233ced0cc059ad0b20d38789b08faf4feccaa7,e37a82d8d34aeeecb57476008c0bd6d3f9ddbdc11bd105519db9219d80d5221d,888f340,strict Python dispatch,float64-int64,0.13665590199980215,0.06352009100010036,7,1,693509,76010321,3,45,39291634,3
before,tbb,1,M,z88,volume,257250,14030909,7b1010c3ada2107e11728b8f645eff5116ea1d33f8c306849dec4881829203d4,b44e853a0faea9198bca8fd9d531ecd50c83cc0990675dece170ee332b7a2dff,e37a82d8d34aeeecb57476008c0bd6d3f9ddbdc11bd105519db9219d80d5221d,888f340,strict Python dispatch,float64-int64,0.19110568199994304,0.18022285200004262,7,1,4933358,242914924,3,79,10536987,3
before,tbb,1,M,patran,volume,257250,53607580,628e98268406eea248c5ea27adcbafc88378a1111a318c3d13d71ae5464acb80,fcacdd35991f5120d5f34ce102c7a818b412b53864e32e25d08b71b380f6f38a,e37a82d8d34aeeecb57476008c0bd6d3f9ddbdc11bd105519db9219d80d5221d,888f340,strict Python dispatch,float64-int64,0.42604527399998915,0.47274480200030666,7,1,5611802,457390361,3,53,7427654,3
before,tbb,1,M,femap,volume,257250,43840008,db3bb4e995831b6b0e998567af5c1ada257f056c8d229f92fe049133b979409a,1d042f3188f20fa24893ca4e17a761054149081ac1fee99f14aed2443c9280f6,e37a82d8d34aeeecb57476008c0bd6d3f9ddbdc11bd105519db9219d80d5221d,888f340,strict Python dispatch,float64-int64,0.44512210999982926,0.2099322639996899,7,1,6197003,973491715,3,551222,133475812,3
before,tbb,1,M,mdpa,volume,257250,12202607,4155e71d03325d0d0f3bd62c9f912eee3bfb2b7567a4da8f0e7a69ab99d36c6f,9c657b462145e0ce8f0b09bab80dc599b3b004a8ef70bc7ca37a4457bc73730e,e37a82d8d34aeeecb57476008c0bd6d3f9ddbdc11bd105519db9219d80d5221d,888f340,strict Python dispatch,float64-int64,1.0277881769998203,0.13609851699948194,7,1,0,0,3,303952,14180718,3
before,tbb,1,L,gmsh,volume,998250,45576895,94f105d3f4b583cfca954a3d7610fc95465e635737e35cfeda21c10f9f9c40a9,8d02d45bc2a16d9f1676952eacf5c1f71512c1649fea56e151fcd429a3d03818,e37a82d8d34aeeecb57476008c0bd6d3f9ddbdc11bd105519db9219d80d5221d,888f340,strict Python dispatch,float64-int64,0.09150351500011311,0.3802933580000172,7,1,45,47178037,3,10,8717,3
before,tbb,1,L,febio,volume,998250,68337443,58ed87ed71600bccb8aadabda8ce92998bd3b0d8f6f5b84a1d03fb40f1da338a,bffcf5c083a97b3c5af20451647f3550a2ecf5af11709b175baafdbaf7739de1,e37a82d8d34aeeecb57476008c0bd6d3f9ddbdc11bd105519db9219d80d5221d,888f340,strict Python dispatch,float64-int64,0.8008807050000541,0.3160904189999201,7,1,2680323,300682321,3,47,156892980,3
before,tbb,1,L,z88,volume,998250,56363837,de3c963175ce8e86d5f29325f242d01a67300871b2c95834a75541ef3c38dcbc,860a905e0c04b31c34bc425fdc63c94c794ddb77c5ca23cde1b4bb92c89ebe62,e37a82d8d34aeeecb57476008c0bd6d3f9ddbdc11bd105519db9219d80d5221d,888f340,strict Python dispatch,float64-int64,0.6670450139999957,0.6991436489997795,7,1,19077878,892702693,3,83,32907315,3
before,tbb,1,L,patran,volume,998250,207201540,8327bf2c8e88f7ea962e3f11f8c5bc8696b59fc906fa887a4f026f5cd8829315,4619558575a7a0204c23dc78580fa84610ba5018425959ca85c0529bb88fd85e,e37a82d8d34aeeecb57476008c0bd6d3f9ddbdc11bd105519db9219d80d5221d,888f340,strict Python dispatch,float64-int64,1.8343695330004266,1.8892491079996034,7,1,21721422,1783419593,3,55,22974566,3
before,tbb,1,L,femap,volume,998250,172682745,8dd3862780e486fd3f0bfd7863d1778490a571af5622ef420b0f01443381f8fe,418a400ed25fb0c18f8146d506afb05b3786458b0581ed21435c7df75373943e,e37a82d8d34aeeecb57476008c0bd6d3f9ddbdc11bd105519db9219d80d5221d,888f340,strict Python dispatch,float64-int64,1.890341706000072,0.8847219400004178,7,1,24013789,3808758035,3,2162186,531710918,3
before,tbb,1,L,mdpa,volume,998250,49745512,c5e02e014950022083b60edc01bb07c501024ce22403443e130e2792ae83f128,fe35d76da8b40bc7506634b51a58220e962a2182df259a6741a3431a2e177033,e37a82d8d34aeeecb57476008c0bd6d3f9ddbdc11bd105519db9219d80d5221d,888f340,strict Python dispatch,float64-int64,4.446745060000467,0.5236402139998972,7,1,0,0,3,1173916,56530510,3
after,tbb,1,M,gmsh,volume,257250,11126947,aef600bd0a091f73c9ec9a71a71a6a7dee23e2b13e8ec000e8e9d555a3e8997b,cdafa83eb94e871b2e98f95180b9bd4438b9381d0edc84d18dc1c2216c020fe0,3ce4244b17d953de626abcee8aefc75855d4e2edb84bd7d6dd4e5974acece1a5,888f340+writer-hoist-diff,strict Python dispatch,float64-int64,0.028506016999926942,0.10204736000014236,7,1,53,23384415,3,10,8717,3
after,tbb,1,M,febio,volume,257250,16945586,d7a0425ecee16ae0364f869adf7e6607c715cd917b08a9ecf9fb934101d07ca8,b799b95e7f948e61baf7752296233ced0cc059ad0b20d38789b08faf4feccaa7,3ce4244b17d953de626abcee8aefc75855d4e2edb84bd7d6dd4e5974acece1a5,888f340+writer-hoist-diff,strict Python dispatch,float64-int64,0.17842599499999778,0.07368668200069806,7,1,693509,76010321,3,45,39291634,3
after,tbb,1,M,z88,volume,257250,14030909,7b1010c3ada2107e11728b8f645eff5116ea1d33f8c306849dec4881829203d4,b44e853a0faea9198bca8fd9d531ecd50c83cc0990675dece170ee332b7a2dff,3ce4244b17d953de626abcee8aefc75855d4e2edb84bd7d6dd4e5974acece1a5,888f340+writer-hoist-diff,strict Python dispatch,float64-int64,0.19420717600041826,0.17808335199970315,7,1,4933358,242914924,3,79,10536987,3
after,tbb,1,M,patran,volume,257250,53607580,628e98268406eea248c5ea27adcbafc88378a1111a318c3d13d71ae5464acb80,fcacdd35991f5120d5f34ce102c7a818b412b53864e32e25d08b71b380f6f38a,3ce4244b17d953de626abcee8aefc75855d4e2edb84bd7d6dd4e5974acece1a5,888f340+writer-hoist-diff,strict Python dispatch,float64-int64,0.49011173700000654,0.48888492900005076,7,1,5611802,457390361,3,53,7427654,3
after,tbb,1,M,femap,volume,257250,43840008,db3bb4e995831b6b0e998567af5c1ada257f056c8d229f92fe049133b979409a,1d042f3188f20fa24893ca4e17a761054149081ac1fee99f14aed2443c9280f6,3ce4244b17d953de626abcee8aefc75855d4e2edb84bd7d6dd4e5974acece1a5,888f340+writer-hoist-diff,strict Python dispatch,float64-int64,0.43480374299997493,0.20753525399959472,7,1,6197003,973491715,3,551222,133475812,3
after,tbb,1,M,mdpa,volume,257250,12202607,4155e71d03325d0d0f3bd62c9f912eee3bfb2b7567a4da8f0e7a69ab99d36c6f,9c657b462145e0ce8f0b09bab80dc599b3b004a8ef70bc7ca37a4457bc73730e,3ce4244b17d953de626abcee8aefc75855d4e2edb84bd7d6dd4e5974acece1a5,888f340+writer-hoist-diff,strict Python dispatch,float64-int64,0.981736980000278,0.128482038000584,7,1,0,0,3,303952,14180718,3
after,tbb,1,L,gmsh,volume,998250,45576895,94f105d3f4b583cfca954a3d7610fc95465e635737e35cfeda21c10f9f9c40a9,8d02d45bc2a16d9f1676952eacf5c1f71512c1649fea56e151fcd429a3d03818,3ce4244b17d953de626abcee8aefc75855d4e2edb84bd7d6dd4e5974acece1a5,888f340+writer-hoist-diff,strict Python dispatch,float64-int64,0.08600530300009268,0.3648807490008039,7,1,45,47178037,3,10,8717,3
after,tbb,1,L,febio,volume,998250,68337443,58ed87ed71600bccb8aadabda8ce92998bd3b0d8f6f5b84a1d03fb40f1da338a,bffcf5c083a97b3c5af20451647f3550a2ecf5af11709b175baafdbaf7739de1,3ce4244b17d953de626abcee8aefc75855d4e2edb84bd7d6dd4e5974acece1a5,888f340+writer-hoist-diff,strict Python dispatch,float64-int64,0.7826075140001194,0.23971024000002217,7,1,2680323,300682321,3,47,156892980,3
after,tbb,1,L,z88,volume,998250,56363837,de3c963175ce8e86d5f29325f242d01a67300871b2c95834a75541ef3c38dcbc,860a905e0c04b31c34bc425fdc63c94c794ddb77c5ca23cde1b4bb92c89ebe62,3ce4244b17d953de626abcee8aefc75855d4e2edb84bd7d6dd4e5974acece1a5,888f340+writer-hoist-diff,strict Python dispatch,float64-int64,0.7547915899995132,0.6323875440002666,7,1,19077878,892702693,3,83,32907315,3
after,tbb,1,L,patran,volume,998250,207201540,8327bf2c8e88f7ea962e3f11f8c5bc8696b59fc906fa887a4f026f5cd8829315,4619558575a7a0204c23dc78580fa84610ba5018425959ca85c0529bb88fd85e,3ce4244b17d953de626abcee8aefc75855d4e2edb84bd7d6dd4e5974acece1a5,888f340+writer-hoist-diff,strict Python dispatch,float64-int64,1.9773712059995887,1.8798227030001726,7,1,21721422,1783419593,3,55,22974566,3
after,tbb,1,L,femap,volume,998250,172682745,8dd3862780e486fd3f0bfd7863d1778490a571af5622ef420b0f01443381f8fe,418a400ed25fb0c18f8146d506afb05b3786458b0581ed21435c7df75373943e,3ce4244b17d953de626abcee8aefc75855d4e2edb84bd7d6dd4e5974acece1a5,888f340+writer-hoist-diff,strict Python dispatch,float64-int64,1.7786973140000555,0.8110674350000409,7,1,24013789,3808758035,3,2162186,531710918,3
after,tbb,1,L,mdpa,volume,998250,49745512,c5e02e014950022083b60edc01bb07c501024ce22403443e130e2792ae83f128,fe35d76da8b40bc7506634b51a58220e962a2182df259a6741a3431a2e177033,3ce4244b17d953de626abcee8aefc75855d4e2edb84bd7d6dd4e5974acece1a5,888f340+writer-hoist-diff,strict Python dispatch,float64-int64,4.015494556999329,0.5023766190006427,7,1,0,0,3,1173916,56530510,3
before,tbb,4,M,gmsh,volume,257250,11126947,aef600bd0a091f73c9ec9a71a71a6a7dee23e2b13e8ec000e8e9d555a3e8997b,cdafa83eb94e871b2e98f95180b9bd4438b9381d0edc84d18dc1c2216c020fe0,e37a82d8d34aeeecb57476008c0bd6d3f9ddbdc11bd105519db9219d80d5221d,888f340,strict Python dispatch,float64-int64,0.028221012000358314,0.09987276999981987,7,1,53,23384415,3,10,8717,3
before,tbb,4,M,febio,volume,257250,16945586,d7a0425ecee16ae0364f869adf7e6607c715cd917b08a9ecf9fb934101d07ca8,b799b95e7f948e61baf7752296233ced0cc059ad0b20d38789b08faf4feccaa7,e37a82d8d34aeeecb57476008c0bd6d3f9ddbdc11bd105519db9219d80d5221d,888f340,strict Python dispatch,float64-int64,0.17101172899947414,0.07461455999964528,7,1,693509,76010321,3,45,39291634,3
before,tbb,4,M,z88,volume,257250,14030909,7b1010c3ada2107e11728b8f645eff5116ea1d33f8c306849dec4881829203d4,b44e853a0faea9198bca8fd9d531ecd50c83cc0990675dece170ee332b7a2dff,e37a82d8d34aeeecb57476008c0bd6d3f9ddbdc11bd105519db9219d80d5221d,888f340,strict Python dispatch,float64-int64,0.17677514600018185,0.14183655899978476,7,1,4933358,242914924,3,79,10536987,3
before,tbb,4,M,patran,volume,257250,53607580,628e98268406eea248c5ea27adcbafc88378a1111a318c3d13d71ae5464acb80,fcacdd35991f5120d5f34ce102c7a818b412b53864e32e25d08b71b380f6f38a,e37a82d8d34aeeecb57476008c0bd6d3f9ddbdc11bd105519db9219d80d5221d,888f340,strict Python dispatch,float64-int64,0.5155616379997809,0.4909374040007606,7,1,5611802,457390361,3,53,7427654,3
before,tbb,4,M,femap,volume,257250,43840008,db3bb4e995831b6b0e998567af5c1ada257f056c8d229f92fe049133b979409a,1d042f3188f20fa24893ca4e17a761054149081ac1fee99f14aed2443c9280f6,e37a82d8d34aeeecb57476008c0bd6d3f9ddbdc11bd105519db9219d80d5221d,888f340,strict Python dispatch,float64-int64,0.44140601300023263,0.2002817339998728,7,1,6197003,973491715,3,551222,133475812,3
before,tbb,4,M,mdpa,volume,257250,12202607,4155e71d03325d0d0f3bd62c9f912eee3bfb2b7567a4da8f0e7a69ab99d36c6f,9c657b462145e0ce8f0b09bab80dc599b3b004a8ef70bc7ca37a4457bc73730e,e37a82d8d34aeeecb57476008c0bd6d3f9ddbdc11bd105519db9219d80d5221d,888f340,strict Python dispatch,float64-int64,0.9156938680007443,0.14280681400123285,7,1,0,0,3,303952,14180718,3
before,tbb,4,L,gmsh,volume,998250,45576895,94f105d3f4b583cfca954a3d7610fc95465e635737e35cfeda21c10f9f9c40a9,8d02d45bc2a16d9f1676952eacf5c1f71512c1649fea56e151fcd429a3d03818,e37a82d8d34aeeecb57476008c0bd6d3f9ddbdc11bd105519db9219d80d5221d,888f340,strict Python dispatch,float64-int64,0.10514082400004554,0.39546746900032304,7,1,45,47178037,3,10,8717,3
before,tbb,4,L,febio,volume,998250,68337443,58ed87ed71600bccb8aadabda8ce92998bd3b0d8f6f5b84a1d03fb40f1da338a,bffcf5c083a97b3c5af20451647f3550a2ecf5af11709b175baafdbaf7739de1,e37a82d8d34aeeecb57476008c0bd6d3f9ddbdc11bd105519db9219d80d5221d,888f340,strict Python dispatch,float64-int64,0.8138481429996318,0.2656376969998746,7,1,2680323,300682321,3,47,156892980,3
before,tbb,4,L,z88,volume,998250,56363837,de3c963175ce8e86d5f29325f242d01a67300871b2c95834a75541ef3c38dcbc,860a905e0c04b31c34bc425fdc63c94c794ddb77c5ca23cde1b4bb92c89ebe62,e37a82d8d34aeeecb57476008c0bd6d3f9ddbdc11bd105519db9219d80d5221d,888f340,strict Python dispatch,float64-int64,0.6167876619992967,0.5432830489999105,7,1,19077878,892702693,3,83,32907315,3
before,tbb,4,L,patran,volume,998250,207201540,8327bf2c8e88f7ea962e3f11f8c5bc8696b59fc906fa887a4f026f5cd8829315,4619558575a7a0204c23dc78580fa84610ba5018425959ca85c0529bb88fd85e,e37a82d8d34aeeecb57476008c0bd6d3f9ddbdc11bd105519db9219d80d5221d,888f340,strict Python dispatch,float64-int64,1.9318327979999594,1.8610703949998424,7,1,21721422,1783419593,3,55,22974566,3
before,tbb,4,L,femap,volume,998250,172682745,8dd3862780e486fd3f0bfd7863d1778490a571af5622ef420b0f01443381f8fe,418a400ed25fb0c18f8146d506afb05b3786458b0581ed21435c7df75373943e,e37a82d8d34aeeecb57476008c0bd6d3f9ddbdc11bd105519db9219d80d5221d,888f340,strict Python dispatch,float64-int64,1.6763566319996244,0.8638480650006386,7,1,24013789,3808758035,3,2162186,531710918,3
before,tbb,4,L,mdpa,volume,998250,49745512,c5e02e014950022083b60edc01bb07c501024ce22403443e130e2792ae83f128,fe35d76da8b40bc7506634b51a58220e962a2182df259a6741a3431a2e177033,e37a82d8d34aeeecb57476008c0bd6d3f9ddbdc11bd105519db9219d80d5221d,888f340,strict Python dispatch,float64-int64,4.424669160000121,0.5538255120009126,7,1,0,0,3,1173916,56530510,3
after,tbb,4,M,gmsh,volume,257250,11126947,aef600bd0a091f73c9ec9a71a71a6a7dee23e2b13e8ec000e8e9d555a3e8997b,cdafa83eb94e871b2e98f95180b9bd4438b9381d0edc84d18dc1c2216c020fe0,3ce4244b17d953de626abcee8aefc75855d4e2edb84bd7d6dd4e5974acece1a5,888f340+writer-hoist-diff,strict Python dispatch,float64-int64,0.02815084499980003,0.10101906999989296,7,1,53,23384415,3,10,8717,3
after,tbb,4,M,febio,volume,257250,16945586,d7a0425ecee16ae0364f869adf7e6607c715cd917b08a9ecf9fb934101d07ca8,b799b95e7f948e61baf7752296233ced0cc059ad0b20d38789b08faf4feccaa7,3ce4244b17d953de626abcee8aefc75855d4e2edb84bd7d6dd4e5974acece1a5,888f340+writer-hoist-diff,strict Python dispatch,float64-int64,0.16722235099950922,0.0668947729991487,7,1,693509,76010321,3,45,39291634,3
after,tbb,4,M,z88,volume,257250,14030909,7b1010c3ada2107e11728b8f645eff5116ea1d33f8c306849dec4881829203d4,b44e853a0faea9198bca8fd9d531ecd50c83cc0990675dece170ee332b7a2dff,3ce4244b17d953de626abcee8aefc75855d4e2edb84bd7d6dd4e5974acece1a5,888f340+writer-hoist-diff,strict Python dispatch,float64-int64,0.19206840900005773,0.18266165800014278,7,1,4933358,242914924,3,79,10536987,3
after,tbb,4,M,patran,volume,257250,53607580,628e98268406eea248c5ea27adcbafc88378a1111a318c3d13d71ae5464acb80,fcacdd35991f5120d5f34ce102c7a818b412b53864e32e25d08b71b380f6f38a,3ce4244b17d953de626abcee8aefc75855d4e2edb84bd7d6dd4e5974acece1a5,888f340+writer-hoist-diff,strict Python dispatch,float64-int64,0.4785168429998521,0.5011472329997559,7,1,5611802,457390361,3,53,7427654,3
after,tbb,4,M,femap,volume,257250,43840008,db3bb4e995831b6b0e998567af5c1ada257f056c8d229f92fe049133b979409a,1d042f3188f20fa24893ca4e17a761054149081ac1fee99f14aed2443c9280f6,3ce4244b17d953de626abcee8aefc75855d4e2edb84bd7d6dd4e5974acece1a5,888f340+writer-hoist-diff,strict Python dispatch,float64-int64,0.4415721420000409,0.2029274529995746,7,1,6197003,973491715,3,551222,133475812,3
after,tbb,4,M,mdpa,volume,257250,12202607,4155e71d03325d0d0f3bd62c9f912eee3bfb2b7567a4da8f0e7a69ab99d36c6f,9c657b462145e0ce8f0b09bab80dc599b3b004a8ef70bc7ca37a4457bc73730e,3ce4244b17d953de626abcee8aefc75855d4e2edb84bd7d6dd4e5974acece1a5,888f340+writer-hoist-diff,strict Python dispatch,float64-int64,1.0745816760008893,0.14201602100001764,7,1,0,0,3,303952,14180718,3
after,tbb,4,L,gmsh,volume,998250,45576895,94f105d3f4b583cfca954a3d7610fc95465e635737e35cfeda21c10f9f9c40a9,8d02d45bc2a16d9f1676952eacf5c1f71512c1649fea56e151fcd429a3d03818,3ce4244b17d953de626abcee8aefc75855d4e2edb84bd7d6dd4e5974acece1a5,888f340+writer-hoist-diff,strict Python dispatch,float64-int64,0.1109086299993578,0.38570660400000634,7,1,45,47178037,3,10,8717,3
after,tbb,4,L,febio,volume,998250,68337443,58ed87ed71600bccb8aadabda8ce92998bd3b0d8f6f5b84a1d03fb40f1da338a,bffcf5c083a97b3c5af20451647f3550a2ecf5af11709b175baafdbaf7739de1,3ce4244b17d953de626abcee8aefc75855d4e2edb84bd7d6dd4e5974acece1a5,888f340+writer-hoist-diff,strict Python dispatch,float64-int64,0.7606830779996017,0.2906060080003954,7,1,2680323,300682321,3,47,156892980,3
after,tbb,4,L,z88,volume,998250,56363837,de3c963175ce8e86d5f29325f242d01a67300871b2c95834a75541ef3c38dcbc,860a905e0c04b31c34bc425fdc63c94c794ddb77c5ca23cde1b4bb92c89ebe62,3ce4244b17d953de626abcee8aefc75855d4e2edb84bd7d6dd4e5974acece1a5,888f340+writer-hoist-diff,strict Python dispatch,float64-int64,0.770184060000247,0.6933701050002128,7,1,19077878,892702693,3,83,32907315,3
after,tbb,4,L,patran,volume,998250,207201540,8327bf2c8e88f7ea962e3f11f8c5bc8696b59fc906fa887a4f026f5cd8829315,4619558575a7a0204c23dc78580fa84610ba5018425959ca85c0529bb88fd85e,3ce4244b17d953de626abcee8aefc75855d4e2edb84bd7d6dd4e5974acece1a5,888f340+writer-hoist-diff,strict Python dispatch,float64-int64,1.646626637000736,1.8487960540005588,7,1,21721422,1783419593,3,55,22974566,3
after,tbb,4,L,femap,volume,998250,172682745,8dd3862780e486fd3f0bfd7863d1778490a571af5622ef420b0f01443381f8fe,418a400ed25fb0c18f8146d506afb05b3786458b0581ed21435c7df75373943e,3ce4244b17d953de626abcee8aefc75855d4e2edb84bd7d6dd4e5974acece1a5,888f340+writer-hoist-diff,strict Python dispatch,float64-int64,1.8055114039998443,0.8029361110002355,7,1,24013789,3808758035,3,2162186,531710918,3
after,tbb,4,L,mdpa,volume,998250,49745512,c5e02e014950022083b60edc01bb07c501024ce22403443e130e2792ae83f128,fe35d76da8b40bc7506634b51a58220e962a2182df259a6741a3431a2e177033,3ce4244b17d953de626abcee8aefc75855d4e2edb84bd7d6dd4e5974acece1a5,888f340+writer-hoist-diff,strict Python dispatch,float64-int64,4.432976873998996,0.5278959080005734,7,1,0,0,3,1173916,56530510,3
before,tbb,8,M,gmsh,volume,257250,11126947,aef600bd0a091f73c9ec9a71a71a6a7dee23e2b13e8ec000e8e9d555a3e8997b,cdafa83eb94e871b2e98f95180b9bd4438b9381d0edc84d18dc1c2216c020fe0,e37a82d8d34aeeecb57476008c0bd6d3f9ddbdc11bd105519db9219d80d5221d,888f340,strict Python dispatch,float64-int64,0.023165374999734922,0.10088658799941186,7,1,53,23384415,3,10,8717,3
before,tbb,8,M,febio,volume,257250,16945586,d7a0425ecee16ae0364f869adf7e6607c715cd917b08a9ecf9fb934101d07ca8,b799b95e7f948e61baf7752296233ced0cc059ad0b20d38789b08faf4feccaa7,e37a82d8d34aeeecb57476008c0bd6d3f9ddbdc11bd105519db9219d80d5221d,888f340,strict Python dispatch,float64-int64,0.15872060899982898,0.08116114099993865,7,1,693509,76010321,3,45,39291634,3
before,tbb,8,M,z88,volume,257250,14030909,7b1010c3ada2107e11728b8f645eff5116ea1d33f8c306849dec4881829203d4,b44e853a0faea9198bca8fd9d531ecd50c83cc0990675dece170ee332b7a2dff,e37a82d8d34aeeecb57476008c0bd6d3f9ddbdc11bd105519db9219d80d5221d,888f340,strict Python dispatch,float64-int64,0.1931757230004223,0.1718884199999593,7,1,4933358,242914924,3,79,10536987,3
before,tbb,8,M,patran,volume,257250,53607580,628e98268406eea248c5ea27adcbafc88378a1111a318c3d13d71ae5464acb80,fcacdd35991f5120d5f34ce102c7a818b412b53864e32e25d08b71b380f6f38a,e37a82d8d34aeeecb57476008c0bd6d3f9ddbdc11bd105519db9219d80d5221d,888f340,strict Python dispatch,float64-int64,0.44532748100027675,0.4270549979992211,7,1,5611802,457390361,3,53,7427654,3
before,tbb,8,M,femap,volume,257250,43840008,db3bb4e995831b6b0e998567af5c1ada257f056c8d229f92fe049133b979409a,1d042f3188f20fa24893ca4e17a761054149081ac1fee99f14aed2443c9280f6,e37a82d8d34aeeecb57476008c0bd6d3f9ddbdc11bd105519db9219d80d5221d,888f340,strict Python dispatch,float64-int64,0.4516138860008141,0.21593758200015145,7,1,6197003,973491715,3,551222,133475812,3
before,tbb,8,M,mdpa,volume,257250,12202607,4155e71d03325d0d0f3bd62c9f912eee3bfb2b7567a4da8f0e7a69ab99d36c6f,9c657b462145e0ce8f0b09bab80dc599b3b004a8ef70bc7ca37a4457bc73730e,e37a82d8d34aeeecb57476008c0bd6d3f9ddbdc11bd105519db9219d80d5221d,888f340,strict Python dispatch,float64-int64,1.0189762419995532,0.14358179900045798,7,1,0,0,3,303952,14180718,3
before,tbb,8,L,gmsh,volume,998250,45576895,94f105d3f4b583cfca954a3d7610fc95465e635737e35cfeda21c10f9f9c40a9,8d02d45bc2a16d9f1676952eacf5c1f71512c1649fea56e151fcd429a3d03818,e37a82d8d34aeeecb57476008c0bd6d3f9ddbdc11bd105519db9219d80d5221d,888f340,strict Python dispatch,float64-int64,0.10491114399974322,0.37972827600060555,7,1,45,47178037,3,10,8717,3
before,tbb,8,L,febio,volume,998250,68337443,58ed87ed71600bccb8aadabda8ce92998bd3b0d8f6f5b84a1d03fb40f1da338a,bffcf5c083a97b3c5af20451647f3550a2ecf5af11709b175baafdbaf7739de1,e37a82d8d34aeeecb57476008c0bd6d3f9ddbdc11bd105519db9219d80d5221d,888f340,strict Python dispatch,float64-int64,0.8887599660001797,0.32076906299971597,7,1,2680323,300682321,3,47,156892980,3
before,tbb,8,L,z88,volume,998250,56363837,de3c963175ce8e86d5f29325f242d01a67300871b2c95834a75541ef3c38dcbc,860a905e0c04b31c34bc425fdc63c94c794ddb77c5ca23cde1b4bb92c89ebe62,e37a82d8d34aeeecb57476008c0bd6d3f9ddbdc11bd105519db9219d80d5221d,888f340,strict Python dispatch,float64-int64,0.7681541539996033,0.677027951999662,7,1,19077878,892702693,3,83,32907315,3
before,tbb,8,L,patran,volume,998250,207201540,8327bf2c8e88f7ea962e3f11f8c5bc8696b59fc906fa887a4f026f5cd8829315,4619558575a7a0204c23dc78580fa84610ba5018425959ca85c0529bb88fd85e,e37a82d8d34aeeecb57476008c0bd6d3f9ddbdc11bd105519db9219d80d5221d,888f340,strict Python dispatch,float64-int64,2.136952573999224,1.701870162999512,7,1,21721422,1783419593,3,55,22974566,3
before,tbb,8,L,femap,volume,998250,172682745,8dd3862780e486fd3f0bfd7863d1778490a571af5622ef420b0f01443381f8fe,418a400ed25fb0c18f8146d506afb05b3786458b0581ed21435c7df75373943e,e37a82d8d34aeeecb57476008c0bd6d3f9ddbdc11bd105519db9219d80d5221d,888f340,strict Python dispatch,float64-int64,1.7549930859995584,0.8575379309995697,7,1,24013789,3808758035,3,2162186,531710918,3
before,tbb,8,L,mdpa,volume,998250,49745512,c5e02e014950022083b60edc01bb07c501024ce22403443e130e2792ae83f128,fe35d76da8b40bc7506634b51a58220e962a2182df259a6741a3431a2e177033,e37a82d8d34aeeecb57476008c0bd6d3f9ddbdc11bd105519db9219d80d5221d,888f340,strict Python dispatch,float64-int64,4.398517216999608,0.5426411059997918,7,1,0,0,3,1173916,56530510,3
after,tbb,8,M,gmsh,volume,257250,11126947,aef600bd0a091f73c9ec9a71a71a6a7dee23e2b13e8ec000e8e9d555a3e8997b,cdafa83eb94e871b2e98f95180b9bd4438b9381d0edc84d18dc1c2216c020fe0,3ce4244b17d953de626abcee8aefc75855d4e2edb84bd7d6dd4e5974acece1a5,888f340+writer-hoist-diff,strict Python dispatch,float64-int64,0.030420119999689632,0.10307398500026466,7,1,53,23384415,3,10,8717,3
after,tbb,8,M,febio,volume,257250,16945586,d7a0425ecee16ae0364f869adf7e6607c715cd917b08a9ecf9fb934101d07ca8,b799b95e7f948e61baf7752296233ced0cc059ad0b20d38789b08faf4feccaa7,3ce4244b17d953de626abcee8aefc75855d4e2edb84bd7d6dd4e5974acece1a5,888f340+writer-hoist-diff,strict Python dispatch,float64-int64,0.17679135700018378,0.07693999699949927,7,1,693509,76010321,3,45,39291634,3
after,tbb,8,M,z88,volume,257250,14030909,7b1010c3ada2107e11728b8f645eff5116ea1d33f8c306849dec4881829203d4,b44e853a0faea9198bca8fd9d531ecd50c83cc0990675dece170ee332b7a2dff,3ce4244b17d953de626abcee8aefc75855d4e2edb84bd7d6dd4e5974acece1a5,888f340+writer-hoist-diff,strict Python dispatch,float64-int64,0.19252709400007006,0.14318880300015735,7,1,4933358,242914924,3,79,10536987,3
after,tbb,8,M,patran,volume,257250,53607580,628e98268406eea248c5ea27adcbafc88378a1111a318c3d13d71ae5464acb80,fcacdd35991f5120d5f34ce102c7a818b412b53864e32e25d08b71b380f6f38a,3ce4244b17d953de626abcee8aefc75855d4e2edb84bd7d6dd4e5974acece1a5,888f340+writer-hoist-diff,strict Python dispatch,float64-int64,0.48471039600008226,0.479522542000268,7,1,5611802,457390361,3,53,7427654,3
after,tbb,8,M,femap,volume,257250,43840008,db3bb4e995831b6b0e998567af5c1ada257f056c8d229f92fe049133b979409a,1d042f3188f20fa24893ca4e17a761054149081ac1fee99f14aed2443c9280f6,3ce4244b17d953de626abcee8aefc75855d4e2edb84bd7d6dd4e5974acece1a5,888f340+writer-hoist-diff,strict Python dispatch,float64-int64,0.4604602960007469,0.2038694039993061,7,1,6197003,973491715,3,551222,133475812,3
after,tbb,8,M,mdpa,volume,257250,12202607,4155e71d03325d0d0f3bd62c9f912eee3bfb2b7567a4da8f0e7a69ab99d36c6f,9c657b462145e0ce8f0b09bab80dc599b3b004a8ef70bc7ca37a4457bc73730e,3ce4244b17d953de626abcee8aefc75855d4e2edb84bd7d6dd4e5974acece1a5,888f340+writer-hoist-diff,strict Python dispatch,float64-int64,0.8781429339996976,0.13560833700103103,7,1,0,0,3,303952,14180718,3
after,tbb,8,L,gmsh,volume,998250,45576895,94f105d3f4b583cfca954a3d7610fc95465e635737e35cfeda21c10f9f9c40a9,8d02d45bc2a16d9f1676952eacf5c1f71512c1649fea56e151fcd429a3d03818,3ce4244b17d953de626abcee8aefc75855d4e2edb84bd7d6dd4e5974acece1a5,888f340+writer-hoist-diff,strict Python dispatch,float64-int64,0.11433000099987112,0.390866859000198,7,1,45,47178037,3,10,8717,3
after,tbb,8,L,febio,volume,998250,68337443,58ed87ed71600bccb8aadabda8ce92998bd3b0d8f6f5b84a1d03fb40f1da338a,bffcf5c083a97b3c5af20451647f3550a2ecf5af11709b175baafdbaf7739de1,3ce4244b17d953de626abcee8aefc75855d4e2edb84bd7d6dd4e5974acece1a5,888f340+writer-hoist-diff,strict Python dispatch,float64-int64,0.8132527600000685,0.2928545699996903,7,1,2680323,300682321,3,47,156892980,3
after,tbb,8,L,z88,volume,998250,56363837,de3c963175ce8e86d5f29325f242d01a67300871b2c95834a75541ef3c38dcbc,860a905e0c04b31c34bc425fdc63c94c794ddb77c5ca23cde1b4bb92c89ebe62,3ce4244b17d953de626abcee8aefc75855d4e2edb84bd7d6dd4e5974acece1a5,888f340+writer-hoist-diff,strict Python dispatch,float64-int64,0.7683894800002236,0.6723010370005795,7,1,19077878,892702693,3,83,32907315,3
after,tbb,8,L,patran,volume,998250,207201540,8327bf2c8e88f7ea962e3f11f8c5bc8696b59fc906fa887a4f026f5cd8829315,4619558575a7a0204c23dc78580fa84610ba5018425959ca85c0529bb88fd85e,3ce4244b17d953de626abcee8aefc75855d4e2edb84bd7d6dd4e5974acece1a5,888f340+writer-hoist-diff,strict Python dispatch,float64-int64,2.0698771240004135,1.8927312759997221,7,1,21721422,1783419593,3,55,22974566,3
after,tbb,8,L,femap,volume,998250,172682745,8dd3862780e486fd3f0bfd7863d1778490a571af5622ef420b0f01443381f8fe,418a400ed25fb0c18f8146d506afb05b3786458b0581ed21435c7df75373943e,3ce4244b17d953de626abcee8aefc75855d4e2edb84bd7d6dd4e5974acece1a5,888f340+writer-hoist-diff,strict Python dispatch,float64-int64,1.8740082929998607,0.8616210230002253,7,1,24013789,3808758035,3,2162186,531710918,3
after,tbb,8,L,mdpa,volume,998250,49745512,c5e02e014950022083b60edc01bb07c501024ce22403443e130e2792ae83f128,fe35d76da8b40bc7506634b51a58220e962a2182df259a6741a3431a2e177033,3ce4244b17d953de626abcee8aefc75855d4e2edb84bd7d6dd4e5974acece1a5,888f340+writer-hoist-diff,strict Python dispatch,float64-int64,4.229929839999386,0.5145233169987478,7,1,0,0,3,1173916,56530510,3
