n,cells,encoding,bytes,write_min_ms,b64_min_ms,inflate_min_ms,write_med_ms,b64_med_ms,inflate_med_ms
100,20000,zlib,1033868,22.198204000005717,3.391966999970464,6.876357999999527,22.76994500005003,3.4898699999530436,6.914112000004025
100,20000,raw4,2142797,2.0320879999644603,4.89252599993506,0.0,3.0878910000637916,4.994153999973605,0.0
100,20000,raw8,2142846,14.736608000021079,4.739322999967044,0.0,17.04113400001006,4.792373999976007,0.0
300,180000,zlib,9526361,159.2304040000272,21.69223900000361,57.38032900001144,161.26368899995214,21.965518000001794,57.643555000026936
300,180000,raw4,19226534,30.101716999979544,44.69004700001733,0.0,36.388625000085995,46.46021199994266,0.0
300,180000,raw8,19226583,160.61164499990355,43.88316200004283,0.0,185.9770359999402,45.14824900002168,0.0
700,980000,zlib,52607770,946.3968499999282,157.82740899999226,323.0307079999193,1063.5821609999994,158.52169299989782,328.27844799999184
700,980000,raw4,104593999,150.59968499997467,245.3520330000174,0.0,171.85232400004224,260.84076399990863,0.0
700,980000,raw8,104594048,954.0421420000484,252.78594600001725,0.0,1039.6447769999213,258.52996200001144,0.0
